2025/12/08-08:57:34.176651,4545341.176487933,163
2025/12/08-08:57:34.177391,4545341.177296393,94
2025/12/08-08:57:34.177606,4545341.177516338,90
2025/12/08-08:57:34.177808,4545341.177722814,85
2025/12/08-08:57:34.178024,4545341.177931311,92
2025/12/08-08:57:34.178230,4545341.178139184,91
2025/12/08-08:57:34.178453,4545341.178347586,106
2025/12/08-08:57:34.178596,4545341.178511154,85
2025/12/08-08:57:34.178806,4545341.178717330,88
2025/12/08-08:57:34.179014,4545341.178922844,91
2025/12/08-08:57:34.179204,4545341.179126093,78
2025/12/08-08:57:34.179412,4545341.179336368,75
2025/12/08-08:57:34.179633,4545341.179544350,89
2025/12/08-08:57:34.179838,4545341.179749993,88
2025/12/08-08:57:34.180045,4545341.179953830,91
2025/12/08-08:57:34.180263,4545341.180159539,104
2025/12/08-08:57:34.180405,4545341.180315900,89
2025/12/08-08:57:34.180664,4545341.180529575,134
2025/12/08-08:57:34.180846,4545341.180726814,119
2025/12/08-08:57:34.181034,4545341.180901141,133
2025/12/08-08:57:34.181221,4545341.181099632,121
2025/12/08-08:57:34.181357,4545341.181270491,87
2025/12/08-08:57:34.181566,4545341.181477880,88
2025/12/08-08:57:34.181792,4545341.181682945,109
2025/12/08-08:57:34.181980,4545341.181845200,135
2025/12/08-08:57:34.182128,4545341.182033208,95
2025/12/08-08:57:34.182331,4545341.182240515,90
2025/12/08-08:57:34.182533,4545341.182446496,86
2025/12/08-08:57:34.182760,4545341.182673177,87
2025/12/08-08:57:34.182981,4545341.182878520,103
2025/12/08-08:57:34.183123,4545341.183036101,87
2025/12/08-08:57:34.183369,4545341.183243097,126
2025/12/08-08:57:34.183519,4545341.183426712,92
2025/12/08-08:57:34.183726,4545341.183631937,94
2025/12/08-08:57:34.183925,4545341.183837954,87
2025/12/08-08:57:34.184127,4545341.184045620,82
2025/12/08-08:57:34.184330,4545341.184252655,77
2025/12/08-08:57:34.184550,4545341.184455590,95
2025/12/08-08:57:34.184745,4545341.184660344,84
2025/12/08-08:57:34.184960,4545341.184865641,94
2025/12/08-08:57:34.185133,4545341.185053733,80
2025/12/08-08:57:34.185369,4545341.185267684,102
2025/12/08-08:57:34.185505,4545341.185422266,83
2025/12/08-08:57:34.185712,4545341.185632746,79
2025/12/08-08:57:34.185924,4545341.185837538,87
2025/12/08-08:57:34.186134,4545341.186045720,88
2025/12/08-08:57:34.186336,4545341.186253805,82
2025/12/08-08:57:34.186553,4545341.186460710,92
2025/12/08-08:57:34.186747,4545341.186665955,81
2025/12/08-08:57:34.186953,4545341.186874065,79
2025/12/08-08:57:34.187180,4545341.187049999,130
2025/12/08-08:57:34.187312,4545341.187229715,82
2025/12/08-08:57:34.187524,4545341.187438372,86
2025/12/08-08:57:34.187743,4545341.187642124,101
2025/12/08-08:57:34.187888,4545341.187797816,90
2025/12/08-08:57:34.188097,4545341.188004822,92
2025/12/08-08:57:34.188308,4545341.188219705,88
2025/12/08-08:57:34.188525,4545341.188424549,101
2025/12/08-08:57:34.188707,4545341.188579716,127
2025/12/08-08:57:34.188848,4545341.188764905,83
2025/12/08-08:57:34.189061,4545341.188973600,87
2025/12/08-08:57:34.189260,4545341.189179628,80
2025/12/08-08:57:34.189475,4545341.189385203,89
2025/12/08-08:57:34.189673,4545341.189591786,82
2025/12/08-08:57:34.189879,4545341.189796456,83
2025/12/08-08:57:34.190114,4545341.190031060,83
2025/12/08-08:57:34.190323,4545341.190238783,84
2025/12/08-08:57:34.190520,4545341.190444346,76
2025/12/08-08:57:34.190733,4545341.190649540,84
2025/12/08-08:57:34.190929,4545341.190852373,77
2025/12/08-08:57:34.191135,4545341.191054138,81
2025/12/08-08:57:34.191346,4545341.191262165,84
2025/12/08-08:57:34.191549,4545341.191468080,81
2025/12/08-08:57:34.191752,4545341.191674472,77
2025/12/08-08:57:34.191958,4545341.191879133,79
2025/12/08-08:57:34.192139,4545341.192054258,85
2025/12/08-08:57:34.192350,4545341.192259724,90
2025/12/08-08:57:34.192554,4545341.192465515,89
2025/12/08-08:57:34.192767,4545341.192669763,97
2025/12/08-08:57:34.192964,4545341.192875782,88
2025/12/08-08:57:34.193138,4545341.193054377,84
2025/12/08-08:57:34.193377,4545341.193284091,93
2025/12/08-08:57:34.193586,4545341.193494464,92
2025/12/08-08:57:34.193800,4545341.193699985,100
2025/12/08-08:57:34.193947,4545341.193854178,93
2025/12/08-08:57:34.194134,4545341.194050474,84
2025/12/08-08:57:34.194343,4545341.194254108,89
2025/12/08-08:57:34.194540,4545341.194461164,78
2025/12/08-08:57:34.194757,4545341.194666654,91
2025/12/08-08:57:34.194960,4545341.194878180,82
2025/12/08-08:57:34.195133,4545341.195052218,80
2025/12/08-08:57:34.195348,4545341.195258918,89
2025/12/08-08:57:34.195555,4545341.195462651,93
2025/12/08-08:57:34.195754,4545341.195672499,81
2025/12/08-08:57:34.195958,4545341.195879170,79
2025/12/08-08:57:34.196158,4545341.196052233,105
2025/12/08-08:57:34.196303,4545341.196212950,90
2025/12/08-08:57:34.196501,4545341.196422789,78
2025/12/08-08:57:34.196713,4545341.196629545,83
2025/12/08-08:57:34.196917,4545341.196835576,81
2025/12/08-08:57:34.197132,4545341.197044614,88
2025/12/08-08:57:34.197341,4545341.197252369,89
2025/12/08-08:57:34.197540,4545341.197457274,82
2025/12/08-08:57:34.197749,4545341.197664695,85
2025/12/08-08:57:34.197956,4545341.197870719,85
2025/12/08-08:57:34.198163,4545341.198068329,94
2025/12/08-08:57:34.198381,4545341.198273119,108
2025/12/08-08:57:34.198523,4545341.198431849,91
2025/12/08-08:57:34.198718,4545341.198637561,81
2025/12/08-08:57:34.198945,4545341.198854673,90
2025/12/08-08:57:34.199148,4545341.199052327,96
2025/12/08-08:57:34.199335,4545341.199257311,78
2025/12/08-08:57:34.199560,4545341.199465143,95
2025/12/08-08:57:34.199754,4545341.199668100,86
2025/12/08-08:57:34.199955,4545341.199873442,81
2025/12/08-08:57:34.200140,4545341.200054888,85
2025/12/08-08:57:34.200346,4545341.200260496,86
2025/12/08-08:57:34.200546,4545341.200463866,82
2025/12/08-08:57:34.200781,4545341.200669458,112
2025/12/08-08:57:34.200926,4545341.200838918,87
2025/12/08-08:57:34.201165,4545341.201079018,86
2025/12/08-08:57:34.201398,4545341.201285942,112
2025/12/08-08:57:34.201538,4545341.201457626,80
2025/12/08-08:57:34.201741,4545341.201662035,79
2025/12/08-08:57:34.201948,4545341.201869747,78
2025/12/08-08:57:34.202143,4545341.202061786,81
2025/12/08-08:57:34.202350,4545341.202270517,79
2025/12/08-08:57:34.202558,4545341.202476268,82
2025/12/08-08:57:34.202766,4545341.202684140,82
2025/12/08-08:57:34.202975,4545341.202891526,83
2025/12/08-08:57:34.203137,4545341.203051859,85
2025/12/08-08:57:34.203345,4545341.203256824,88
2025/12/08-08:57:34.203547,4545341.203462856,84
2025/12/08-08:57:34.203751,4545341.203667741,83
2025/12/08-08:57:34.203987,4545341.203901417,86
2025/12/08-08:57:34.204186,4545341.204106425,80
2025/12/08-08:57:34.204398,4545341.204311393,86
2025/12/08-08:57:34.204597,4545341.204516901,80
2025/12/08-08:57:34.204816,4545341.204722037,94
2025/12/08-08:57:34.205011,4545341.204929044,82
2025/12/08-08:57:34.205210,4545341.205134510,76
2025/12/08-08:57:34.205424,4545341.205343009,81
2025/12/08-08:57:34.205641,4545341.205550816,90
2025/12/08-08:57:34.205847,4545341.205752536,94
2025/12/08-08:57:34.206051,4545341.205958636,92
2025/12/08-08:57:34.206253,4545341.206162799,90
2025/12/08-08:57:34.206453,4545341.206367180,86
2025/12/08-08:57:34.206658,4545341.206573427,85
2025/12/08-08:57:34.206858,4545341.206779838,78
2025/12/08-08:57:34.207066,4545341.206985461,80
2025/12/08-08:57:34.207273,4545341.207192469,81
2025/12/08-08:57:34.207486,4545341.207398166,88
2025/12/08-08:57:34.207728,4545341.207602798,126
2025/12/08-08:57:34.207868,4545341.207790345,78
2025/12/08-08:57:34.208071,4545341.207994469,77
2025/12/08-08:57:34.208293,4545341.208200828,93
2025/12/08-08:57:34.208486,4545341.208404947,81
2025/12/08-08:57:34.208700,4545341.208615772,84
2025/12/08-08:57:34.208906,4545341.208822696,83
2025/12/08-08:57:34.209117,4545341.209028192,89
2025/12/08-08:57:34.209319,4545341.209238239,81
2025/12/08-08:57:34.209549,4545341.209445453,104
2025/12/08-08:57:34.209680,4545341.209603397,77
2025/12/08-08:57:34.209923,4545341.209808044,115
2025/12/08-08:57:34.210055,4545341.209976928,78
2025/12/08-08:57:34.210263,4545341.210181040,82
2025/12/08-08:57:34.210469,4545341.210389554,80
2025/12/08-08:57:34.210688,4545341.210593764,95
2025/12/08-08:57:34.210903,4545341.210796894,107
2025/12/08-08:57:34.211052,4545341.210965739,86
2025/12/08-08:57:34.211265,4545341.211183178,82
2025/12/08-08:57:34.211487,4545341.211404517,82
2025/12/08-08:57:34.211700,4545341.211609968,90
2025/12/08-08:57:34.211906,4545341.211815501,91
2025/12/08-08:57:34.212109,4545341.212022633,87
2025/12/08-08:57:34.212313,4545341.212226166,87
2025/12/08-08:57:34.212529,4545341.212435043,94
2025/12/08-08:57:34.212723,4545341.212639358,84
2025/12/08-08:57:34.212931,4545341.212844377,86
2025/12/08-08:57:34.213147,4545341.213053874,93
2025/12/08-08:57:34.213348,4545341.213257711,90
2025/12/08-08:57:34.213563,4545341.213465856,97
2025/12/08-08:57:34.213789,4545341.213682740,107
2025/12/08-08:57:34.214071,4545341.213851129,220
2025/12/08-08:57:34.214243,4545341.214120094,123
2025/12/08-08:57:34.214380,4545341.214297640,82
2025/12/08-08:57:34.214595,4545341.214506206,89
2025/12/08-08:57:34.214801,4545341.214711857,89
2025/12/08-08:57:34.215019,4545341.214918602,100
2025/12/08-08:57:34.215166,4545341.215081507,85
2025/12/08-08:57:34.215374,4545341.215288065,86
2025/12/08-08:57:34.215578,4545341.215494008,84
2025/12/08-08:57:34.215784,4545341.215700065,84
2025/12/08-08:57:34.216015,4545341.215908637,106
2025/12/08-08:57:34.216164,4545341.216066231,98
2025/12/08-08:57:34.216374,4545341.216277728,97
2025/12/08-08:57:34.216583,4545341.216485668,97
2025/12/08-08:57:34.216812,4545341.216692653,120
2025/12/08-08:57:34.216997,4545341.216870843,126
2025/12/08-08:57:34.217129,4545341.217054042,75
2025/12/08-08:57:34.217344,4545341.217262103,82
2025/12/08-08:57:34.217553,4545341.217468843,84
2025/12/08-08:57:34.217757,4545341.217676542,80
2025/12/08-08:57:34.217964,4545341.217885553,78
2025/12/08-08:57:34.218146,4545341.218057310,89
2025/12/08-08:57:34.218399,4545341.218265162,134
2025/12/08-08:57:34.218555,4545341.218454450,100
2025/12/08-08:57:34.218693,4545341.218607750,85
2025/12/08-08:57:34.218933,4545341.218812388,121
2025/12/08-08:57:34.219130,4545341.218988330,141
2025/12/08-08:57:34.219312,4545341.219185100,126
2025/12/08-08:57:34.219474,4545341.219376063,98
2025/12/08-08:57:34.219665,4545341.219580422,85
2025/12/08-08:57:34.219872,4545341.219786891,86
2025/12/08-08:57:34.220069,4545341.219992091,77
2025/12/08-08:57:34.220274,4545341.220197353,77
2025/12/08-08:57:34.220481,4545341.220402567,79
2025/12/08-08:57:34.220689,4545341.220607797,81
2025/12/08-08:57:34.220890,4545341.220812922,77
2025/12/08-08:57:34.221113,4545341.221024040,89
2025/12/08-08:57:34.221316,4545341.221229356,86
2025/12/08-08:57:34.221525,4545341.221434824,90
2025/12/08-08:57:34.221731,4545341.221638841,92
2025/12/08-08:57:34.221958,4545341.221843531,114
2025/12/08-08:57:34.222100,4545341.222020599,79
2025/12/08-08:57:34.222303,4545341.222226294,77
2025/12/08-08:57:34.222514,4545341.222432248,82
2025/12/08-08:57:34.222720,4545341.222635992,84
2025/12/08-08:57:34.222931,4545341.222840446,91
2025/12/08-08:57:34.223126,4545341.223052604,73
2025/12/08-08:57:34.223334,4545341.223258453,76
2025/12/08-08:57:34.223545,4545341.223464262,81
2025/12/08-08:57:34.223757,4545341.223669030,88
2025/12/08-08:57:34.223969,4545341.223872410,96
2025/12/08-08:57:34.224136,4545341.224054803,81
2025/12/08-08:57:35.224342,4545341.224260375,82
2025/12/08-08:57:35.224562,4545341.224465490,96
2025/12/08-08:57:35.224756,4545341.224671472,85
2025/12/08-08:57:35.224983,4545341.224876833,106
2025/12/08-08:57:35.225131,4545341.225038273,93
2025/12/08-08:57:35.225342,4545341.225243563,98
2025/12/08-08:57:35.225540,4545341.225448255,92
2025/12/08-08:57:35.225792,4545341.225657477,135
2025/12/08-08:57:35.225940,4545341.225853310,86
2025/12/08-08:57:35.226151,4545341.226061694,89
2025/12/08-08:57:35.226348,4545341.226268454,80
2025/12/08-08:57:35.226567,4545341.226483584,84
2025/12/08-08:57:35.226774,4545341.226687601,86
2025/12/08-08:57:35.226986,4545341.226894236,92
2025/12/08-08:57:35.227150,4545341.227055732,94
2025/12/08-08:57:35.227359,4545341.227262390,96
2025/12/08-08:57:35.227581,4545341.227467914,113
2025/12/08-08:57:35.227745,4545341.227633814,111
2025/12/08-08:57:35.227878,4545341.227799263,78
2025/12/08-08:57:35.228191,4545341.228016263,175
2025/12/08-08:57:35.228457,4545341.228242163,215
2025/12/08-08:57:35.228600,4545341.228506486,93
2025/12/08-08:57:35.228955,4545341.228716170,239
2025/12/08-08:57:35.229944,4545341.229064552,879
2025/12/08-08:57:35.233733,4545341.229993455,3740
2025/12/08-08:57:35.234019,4545341.233787409,232
2025/12/08-08:57:35.234289,4545341.234068469,221
2025/12/08-08:57:35.234498,4545341.234343326,155
2025/12/08-08:57:35.237931,4545341.234561579,3370
2025/12/08-08:57:35.241357,4545341.237984111,3373
2025/12/08-08:57:35.241959,4545341.241408031,551
2025/12/08-08:57:35.242459,4545341.242021739,438
2025/12/08-08:57:35.243081,4545341.242518317,563
2025/12/08-08:57:35.243627,4545341.243135225,492
2025/12/08-08:57:35.245314,4545341.243685739,1628
2025/12/08-08:57:35.245952,4545341.245365208,587
2025/12/08-08:57:35.246991,4545341.246011203,979
2025/12/08-08:57:35.248429,4545341.247045144,1384
2025/12/08-08:57:35.249332,4545341.248483070,849
2025/12/08-08:57:35.249863,4545341.249408870,455
2025/12/08-08:57:35.250281,4545341.249927126,354
2025/12/08-08:57:35.253268,4545341.250335733,2932
2025/12/08-08:57:35.253954,4545341.253318028,636
2025/12/08-08:57:35.255095,4545341.254008498,1087
2025/12/08-08:57:35.256784,4545341.255148008,1636
2025/12/08-08:57:35.257953,4545341.256836429,1116
2025/12/08-08:57:35.259062,4545341.258016999,1045
2025/12/08-08:57:35.259431,4545341.259112685,319
2025/12/08-08:57:35.261837,4545341.259490889,2346
2025/12/08-08:57:35.262228,4545341.261892198,336
2025/12/08-08:57:35.264427,4545341.262287459,2139
2025/12/08-08:57:35.265950,4545341.264476383,1473
2025/12/08-08:57:35.266727,4545341.265998210,729
2025/12/08-08:57:35.267857,4545341.266781609,1076
2025/12/08-08:57:35.268984,4545341.267911328,1072
2025/12/08-08:57:35.269503,4545341.269041193,462
2025/12/08-08:57:35.269913,4545341.269554107,359
2025/12/08-08:57:35.272131,4545341.269963803,2168
2025/12/08-08:57:35.272674,4545341.272186195,488
2025/12/08-08:57:35.273698,4545341.272736733,961
2025/12/08-08:57:35.273959,4545341.273746795,213
2025/12/08-08:57:35.274854,4545341.274017861,836
2025/12/08-08:57:35.275032,4545341.274917532,115
2025/12/08-08:57:35.275200,4545341.275088424,112
2025/12/08-08:57:35.275460,4545341.275267045,193
2025/12/08-08:57:35.277089,4545341.275520196,1569
2025/12/08-08:57:35.277286,4545341.277142798,143
2025/12/08-08:57:35.277922,4545341.277336597,585
2025/12/08-08:57:35.278345,4545341.277977544,368
2025/12/08-08:57:35.279084,4545341.278396328,688
2025/12/08-08:57:35.281552,4545341.279140353,2411
2025/12/08-08:57:35.281866,4545341.281606415,259
2025/12/08-08:57:35.283098,4545341.281931094,1166
2025/12/08-08:57:35.284152,4545341.283148739,1003
2025/12/08-08:57:35.284871,4545341.284210516,660
2025/12/08-08:57:35.285953,4545341.284927716,1026
2025/12/08-08:57:35.289934,4545341.286017771,3916
2025/12/08-08:57:35.292668,4545341.289991463,2676
2025/12/08-08:57:35.293796,4545341.292730514,1066
2025/12/08-08:57:35.294008,4545341.293851472,157
2025/12/08-08:57:35.294919,4545341.294057512,862
2025/12/08-08:57:35.296044,4545341.294976875,1067
2025/12/08-08:57:35.297924,4545341.296098086,1825
2025/12/08-08:57:35.299012,4545341.297976893,1035
2025/12/08-08:57:35.299447,4545341.299059389,388
2025/12/08-08:57:35.299617,4545341.299509807,107
2025/12/08-08:57:35.299792,4545341.299669674,122
2025/12/08-08:57:35.299975,4545341.299843990,131
2025/12/08-08:57:35.300157,4545341.300036775,121
2025/12/08-08:57:35.300352,4545341.300227404,125
2025/12/08-08:57:35.300554,4545341.300407568,146
2025/12/08-08:57:35.300706,4545341.300604504,101
2025/12/08-08:57:35.300860,4545341.300759530,100
2025/12/08-08:57:35.301941,4545341.300913402,1028
2025/12/08-08:57:35.305626,4545341.301988558,3638
2025/12/08-08:57:35.305948,4545341.305680005,268
2025/12/08-08:57:35.306240,4545341.305997967,242
2025/12/08-08:57:35.307859,4545341.306291722,1567
2025/12/08-08:57:35.309993,4545341.307912779,2081
2025/12/08-08:57:35.310392,4545341.310051671,340
2025/12/08-08:57:35.311072,4545341.310447710,625
2025/12/08-08:57:35.312250,4545341.311123113,1127
2025/12/08-08:57:35.312760,4545341.312301410,459
2025/12/08-08:57:35.313294,4545341.312815070,479
2025/12/08-08:57:35.313477,4545341.313349515,127
2025/12/08-08:57:35.313660,4545341.313538989,121
2025/12/08-08:57:35.313979,4545341.313722498,257
2025/12/08-08:57:35.314129,4545341.314036929,92
2025/12/08-08:57:35.314343,4545341.314248053,95
2025/12/08-08:57:35.315599,4545341.314458689,1140
2025/12/08-08:57:35.315954,4545341.315654083,300
2025/12/08-08:57:35.316775,4545341.316014482,760
2025/12/08-08:57:35.317954,4545341.316842313,1112
2025/12/08-08:57:35.318455,4545341.318012987,442
2025/12/08-08:57:35.319082,4545341.318507786,574
2025/12/08-08:57:35.319683,4545341.319143758,539
2025/12/08-08:57:35.319901,4545341.319735162,166
2025/12/08-08:57:35.320198,4545341.319952581,246
2025/12/08-08:57:35.321372,4545341.320263108,1109
2025/12/08-08:57:35.321921,4545341.321424376,497
2025/12/08-08:57:35.322563,4545341.321978512,584
2025/12/08-08:57:35.323739,4545341.322624886,1115
2025/12/08-08:57:35.324907,4545341.323791125,1116
2025/12/08-08:57:35.325529,4545341.324956429,572
2025/12/08-08:57:35.325690,4545341.325589386,101
2025/12/08-08:57:35.325986,4545341.325742418,244
2025/12/08-08:57:35.326679,4545341.326039614,639
2025/12/08-08:57:35.327149,4545341.326733916,415
2025/12/08-08:57:35.328342,4545341.327200127,1142
2025/12/08-08:57:35.329444,4545341.328392995,1051
2025/12/08-08:57:35.329735,4545341.329511279,224
2025/12/08-08:57:35.329983,4545341.329790283,193
2025/12/08-08:57:35.330244,4545341.330046898,197
2025/12/08-08:57:35.330422,4545341.330309067,113
2025/12/08-08:57:35.330634,4545341.330477193,157
2025/12/08-08:57:35.330889,4545341.330684386,205
2025/12/08-08:57:35.331051,4545341.330950159,101
2025/12/08-08:57:35.331239,4545341.331108102,131
2025/12/08-08:57:35.331461,4545341.331298120,163
2025/12/08-08:57:35.331612,4545341.331513929,98
2025/12/08-08:57:35.331836,4545341.331716993,119
2025/12/08-08:57:35.332080,4545341.331884895,195
2025/12/08-08:57:35.332243,4545341.332134965,108
2025/12/08-08:57:35.333028,4545341.332297906,730
2025/12/08-08:57:35.333603,4545341.333081897,521
2025/12/08-08:57:35.333980,4545341.333656038,324
2025/12/08-08:57:35.334208,4545341.334026563,181
2025/12/08-08:57:35.334741,4545341.334259146,482
2025/12/08-08:57:35.335384,4545341.334810541,574
2025/12/08-08:57:35.335723,4545341.335449253,274
2025/12/08-08:57:35.336043,4545341.335788187,255
2025/12/08-08:57:35.336315,4545341.336101965,213
2025/12/08-08:57:35.336501,4545341.336374175,127
2025/12/08-08:57:35.336885,4545341.336554673,331
2025/12/08-08:57:35.337123,4545341.336940517,182
2025/12/08-08:57:35.337299,4545341.337178822,120
2025/12/08-08:57:35.337465,4545341.337352681,112
2025/12/08-08:57:35.337652,4545341.337515157,137
2025/12/08-08:57:35.337878,4545341.337697180,181
2025/12/08-08:57:35.338071,4545341.337934495,137
2025/12/08-08:57:35.338239,4545341.338121792,117
2025/12/08-08:57:35.338386,4545341.338291257,95
2025/12/08-08:57:35.338743,4545341.338498308,245
2025/12/08-08:57:35.339868,4545341.338797939,1070
2025/12/08-08:57:35.340995,4545341.339925216,1070
2025/12/08-08:57:35.341882,4545341.341046553,835
2025/12/08-08:57:35.342138,4545341.341930983,207
2025/12/08-08:57:35.342575,4545341.342188912,386
2025/12/08-08:57:35.343329,4545341.342632369,697
2025/12/08-08:57:35.344507,4545341.343381824,1126
2025/12/08-08:57:35.344838,4545341.344570268,268
2025/12/08-08:57:35.345694,4545341.344897092,796
2025/12/08-08:57:35.345977,4545341.345746885,230
2025/12/08-08:57:35.346856,4545341.346040281,816
2025/12/08-08:57:35.347776,4545341.346913388,863
2025/12/08-08:57:35.349808,4545341.347826004,1982
2025/12/08-08:57:35.349977,4545341.349861722,115
2025/12/08-08:57:35.351170,4545341.350027558,1142
2025/12/08-08:57:35.351703,4545341.351232757,470
2025/12/08-08:57:35.351921,4545341.351770443,150
2025/12/08-08:57:35.352366,4545341.351971274,395
2025/12/08-08:57:35.352973,4545341.352417345,556
2025/12/08-08:57:35.353553,4545341.353038347,514
2025/12/08-08:57:35.353947,4545341.353605765,341
2025/12/08-08:57:35.354571,4545341.354012602,558
2025/12/08-08:57:35.354767,4545341.354636049,131
2025/12/08-08:57:35.354933,4545341.354826910,106
2025/12/08-08:57:35.355817,4545341.354995032,822
2025/12/08-08:57:35.356820,4545341.355879875,941
2025/12/08-08:57:35.356993,4545341.356866967,126
2025/12/08-08:57:35.357351,4545341.357064508,286
2025/12/08-08:57:35.357923,4545341.357400343,522
2025/12/08-08:57:35.358161,4545341.357977770,184
2025/12/08-08:57:35.358592,4545341.358216477,375
2025/12/08-08:57:35.359348,4545341.358650923,697
2025/12/08-08:57:35.360532,4545341.359401301,1130
2025/12/08-08:57:35.361197,4545341.360582279,614
2025/12/08-08:57:35.361727,4545341.361253775,473
2025/12/08-08:57:35.361945,4545341.361780167,165
2025/12/08-08:57:35.362699,4545341.362007404,692
2025/12/08-08:57:35.362918,4545341.362754170,164
2025/12/08-08:57:35.363293,4545341.362968134,324
2025/12/08-08:57:35.363460,4545341.363343954,116
2025/12/08-08:57:35.363717,4545341.363513860,203
2025/12/08-08:57:35.364100,4545341.363777573,323
2025/12/08-08:57:35.365151,4545341.364157250,994
2025/12/08-08:57:35.365404,4545341.365200047,204
2025/12/08-08:57:35.365954,4545341.365458565,496
2025/12/08-08:57:35.366350,4545341.366008691,342
2025/12/08-08:57:35.366817,4545341.366414277,402
2025/12/08-08:57:35.367218,4545341.366872310,346
2025/12/08-08:57:35.367536,4545341.367269426,267
2025/12/08-08:57:35.368598,4545341.367601944,996
2025/12/08-08:57:35.369118,4545341.368647703,470
2025/12/08-08:57:35.369777,4545341.369169412,608
2025/12/08-08:57:35.369982,4545341.369838393,144
2025/12/08-08:57:35.370196,4545341.370032657,163
2025/12/08-08:57:35.370460,4545341.370248731,211
2025/12/08-08:57:35.370855,4545341.370521542,333
2025/12/08-08:57:35.371237,4545341.370908979,328
2025/12/08-08:57:35.371412,4545341.371284593,127
2025/12/08-08:57:35.371990,4545341.371460404,529
2025/12/08-08:57:35.372435,4545341.372043914,391
2025/12/08-08:57:35.373104,4545341.372489765,614
2025/12/08-08:57:35.373407,4545341.373180514,226
2025/12/08-08:57:35.373608,4545341.373463444,144
2025/12/08-08:57:35.373922,4545341.373654333,268
2025/12/08-08:57:35.374167,4545341.373979315,188
2025/12/08-08:57:35.375382,4545341.374217611,1165
2025/12/08-08:57:35.375772,4545341.375433964,338
2025/12/08-08:57:35.376564,4545341.375830654,733
2025/12/08-08:57:35.377739,4545341.376619022,1120
2025/12/08-08:57:35.377923,4545341.377793445,130
2025/12/08-08:57:35.378286,4545341.377984638,302
2025/12/08-08:57:35.378703,4545341.378337216,366
2025/12/08-08:57:35.378931,4545341.378754260,177
2025/12/08-08:57:35.379252,4545341.378982548,269
2025/12/08-08:57:35.380127,4545341.379302821,824
2025/12/08-08:57:35.381302,4545341.380175406,1126
2025/12/08-08:57:35.381924,4545341.381352620,571
2025/12/08-08:57:35.382357,4545341.381977823,379
2025/12/08-08:57:35.382519,4545341.382408574,110
2025/12/08-08:57:35.383704,4545341.382587381,1117
2025/12/08-08:57:35.384696,4545341.383755933,940
2025/12/08-08:57:35.384871,4545341.384751115,120
2025/12/08-08:57:35.386011,4545341.384924481,1086
2025/12/08-08:57:35.387117,4545341.386062668,1055
2025/12/08-08:57:35.388280,4545341.387184048,1096
2025/12/08-08:57:35.389453,4545341.388332455,1120
2025/12/08-08:57:35.389923,4545341.389517294,406
2025/12/08-08:57:35.390628,4545341.389975342,653
2025/12/08-08:57:35.391818,4545341.390676728,1142
2025/12/08-08:57:35.392704,4545341.391881845,822
2025/12/08-08:57:35.393039,4545341.392756373,282
2025/12/08-08:57:35.393995,4545341.393088822,906
2025/12/08-08:57:35.394253,4545341.394054369,199
2025/12/08-08:57:35.394852,4545341.394308636,543
2025/12/08-08:57:35.395018,4545341.394915489,102
2025/12/08-08:57:35.395153,4545341.395067985,85
2025/12/08-08:57:35.395359,4545341.395271353,88
2025/12/08-08:57:35.395683,4545341.395477606,205
2025/12/08-08:57:35.396005,4545341.395739871,265
2025/12/08-08:57:35.396192,4545341.396061847,130
2025/12/08-08:57:35.396379,4545341.396244161,135
2025/12/08-08:57:35.396549,4545341.396425860,123
2025/12/08-08:57:35.396730,4545341.396598492,131
2025/12/08-08:57:35.396889,4545341.396782535,106
2025/12/08-08:57:35.397048,4545341.396942842,105
2025/12/08-08:57:35.397258,4545341.397097703,160
2025/12/08-08:57:35.397501,4545341.397315857,185
2025/12/08-08:57:35.397645,4545341.397554012,91
2025/12/08-08:57:35.397912,4545341.397756678,156
2025/12/08-08:57:35.398084,4545341.397965677,118
2025/12/08-08:57:35.398249,4545341.398138403,111
2025/12/08-08:57:35.398396,4545341.398304521,92
2025/12/08-08:57:35.398678,4545341.398509428,169
2025/12/08-08:57:35.398848,4545341.398733599,115
2025/12/08-08:57:35.399064,4545341.398897277,167
2025/12/08-08:57:35.399221,4545341.399120889,100
2025/12/08-08:57:35.399378,4545341.399275553,102
2025/12/08-08:57:35.399511,4545341.399428388,82
2025/12/08-08:57:35.399773,4545341.399634241,138
2025/12/08-08:57:35.399953,4545341.399826528,126
2025/12/08-08:57:35.400260,4545341.400013794,246
2025/12/08-08:57:35.400630,4545341.400321863,308
2025/12/08-08:57:35.401015,4545341.400684445,331
2025/12/08-08:57:35.401754,4545341.401071392,683
2025/12/08-08:57:35.401987,4545341.401814246,173
2025/12/08-08:57:35.402203,4545341.402042938,160
2025/12/08-08:57:35.402715,4545341.402257046,458
2025/12/08-08:57:35.403095,4545341.402770748,325
2025/12/08-08:57:35.403385,4545341.403151685,233
2025/12/08-08:57:35.404298,4545341.403433494,864
2025/12/08-08:57:35.404561,4545341.404349238,212
2025/12/08-08:57:35.405762,4545341.404609384,1153
2025/12/08-08:57:35.405942,4545341.405819475,123
2025/12/08-08:57:35.406568,4545341.406008269,560
2025/12/08-08:57:35.406730,4545341.406617085,112
2025/12/08-08:57:35.407116,4545341.406778066,338
2025/12/08-08:57:35.407370,4545341.407174891,195
2025/12/08-08:57:35.408639,4545341.407420324,1219
2025/12/08-08:57:35.409956,4545341.408694530,1261
2025/12/08-08:57:35.410296,4545341.410018464,278
2025/12/08-08:57:35.410814,4545341.410348336,466
2025/12/08-08:57:35.412382,4545341.410875103,1507
2025/12/08-08:57:35.412649,4545341.412436330,213
2025/12/08-08:57:35.413391,4545341.412707342,684
2025/12/08-08:57:35.413988,4545341.413443296,545
2025/12/08-08:57:35.414299,4545341.414040732,258
2025/12/08-08:57:35.414988,4545341.414360912,627
2025/12/08-08:57:35.415247,4545341.415047778,199
2025/12/08-08:57:35.415507,4545341.415300015,207
2025/12/08-08:57:35.416319,4545341.415554122,765
2025/12/08-08:57:35.417956,4545341.416365862,1590
2025/12/08-08:57:35.421006,4545341.418008528,2997
2025/12/08-08:57:35.421592,4545341.421061339,531
2025/12/08-08:57:35.422030,4545341.421640295,389
2025/12/08-08:57:35.422373,4545341.422079416,293
2025/12/08-08:57:35.423545,4545341.422435705,1109
2025/12/08-08:57:35.423974,4545341.423599702,375
2025/12/08-08:57:35.424226,4545341.424027292,199
2025/12/08-08:57:35.424853,4545341.424290036,563
2025/12/08-08:57:35.425278,4545341.424912596,365
2025/12/08-08:57:35.425951,4545341.425323908,627
2025/12/08-08:57:35.426509,4545341.426015677,493
2025/12/08-08:57:35.426943,4545341.426573821,369
2025/12/08-08:57:35.427725,4545341.426994999,730
2025/12/08-08:57:35.428388,4545341.427781065,607
2025/12/08-08:57:35.428605,4545341.428440927,164
2025/12/08-08:57:35.429093,4545341.428652787,441
2025/12/08-08:57:35.429747,4545341.429155984,591
2025/12/08-08:57:35.429992,4545341.429799059,193
2025/12/08-08:57:35.430260,4545341.430047348,212
2025/12/08-08:57:35.430461,4545341.430313872,148
2025/12/08-08:57:35.430646,4545341.430518149,128
2025/12/08-08:57:35.430850,4545341.430700229,150
2025/12/08-08:57:35.431043,4545341.430905940,137
2025/12/08-08:57:35.431247,4545341.431092781,154
2025/12/08-08:57:35.431394,4545341.431298144,95
2025/12/08-08:57:35.431613,4545341.431500299,112
2025/12/08-08:57:35.431785,4545341.431665790,119
2025/12/08-08:57:35.431959,4545341.431840700,118
2025/12/08-08:57:35.432191,4545341.432026719,164
2025/12/08-08:57:35.432355,4545341.432243900,111
2025/12/08-08:57:35.432522,4545341.432406997,115
2025/12/08-08:57:35.432701,4545341.432574294,127
2025/12/08-08:57:35.432958,4545341.432756307,201
2025/12/08-08:57:35.433128,4545341.433013434,115
2025/12/08-08:57:35.433294,4545341.433185113,109
2025/12/08-08:57:35.433483,4545341.433355438,127
2025/12/08-08:57:35.433650,4545341.433533082,117
2025/12/08-08:57:35.433994,4545341.433704508,289
2025/12/08-08:57:35.434784,4545341.434056307,728
2025/12/08-08:57:35.435025,4545341.434837284,188
2025/12/08-08:57:35.435242,4545341.435081250,161
2025/12/08-08:57:35.435920,4545341.435296026,624
2025/12/08-08:57:35.437052,4545341.435977463,1075
2025/12/08-08:57:35.437745,4545341.437109260,636
2025/12/08-08:57:35.437990,4545341.437803086,187
2025/12/08-08:57:35.438189,4545341.438059237,130
2025/12/08-08:57:35.438535,4545341.438247639,288
2025/12/08-08:57:35.439326,4545341.438595782,731
2025/12/08-08:57:35.440213,4545341.439391034,822
2025/12/08-08:57:35.440464,4545341.440266725,198
2025/12/08-08:57:35.440915,4545341.440523684,391
2025/12/08-08:57:35.441233,4545341.440968176,264
2025/12/08-08:57:35.441948,4545341.441289894,659
2025/12/08-08:57:35.442386,4545341.442010652,375
2025/12/08-08:57:35.442742,4545341.442443471,299
2025/12/08-08:57:35.443353,4545341.442809214,544
2025/12/08-08:57:35.443689,4545341.443403456,286
2025/12/08-08:57:35.443964,4545341.443741878,222
2025/12/08-08:57:35.444356,4545341.444023682,332
2025/12/08-08:57:35.444689,4545341.444413247,275
2025/12/08-08:57:35.445050,4545341.444745357,304
2025/12/08-08:57:35.445380,4545341.445103776,276
2025/12/08-08:57:35.445626,4545341.445437611,188
2025/12/08-08:57:35.446026,4545341.445681847,344
2025/12/08-08:57:35.446270,4545341.446080150,190
2025/12/08-08:57:35.446690,4545341.446332672,357
2025/12/08-08:57:35.448410,4545341.446749997,1660
2025/12/08-08:57:35.449982,4545341.448461045,1521
2025/12/08-08:57:35.450962,4545341.450049406,912
2025/12/08-08:57:35.451133,4545341.451018414,115
2025/12/08-08:57:35.451306,4545341.451191054,115
2025/12/08-08:57:35.451553,4545341.451361782,191
2025/12/08-08:57:35.453938,4545341.451608915,2329
2025/12/08-08:57:35.454319,4545341.453990985,328
2025/12/08-08:57:35.454813,4545341.454375429,438
2025/12/08-08:57:35.456669,4545341.454866812,1802
2025/12/08-08:57:35.457996,4545341.456720021,1275
2025/12/08-08:57:35.461256,4545341.458070523,3186
2025/12/08-08:57:35.461972,4545341.461311752,661
2025/12/08-08:57:35.464136,4545341.462022047,2114
2025/12/08-08:57:35.464300,4545341.464195084,104
2025/12/08-08:57:35.464581,4545341.464361627,219
2025/12/08-08:57:35.464836,4545341.464632685,203
2025/12/08-08:57:35.465131,4545341.464891686,239
2025/12/08-08:57:35.465498,4545341.465186316,311
2025/12/08-08:57:35.465965,4545341.465553206,411
2025/12/08-08:57:35.466430,4545341.466021085,409
2025/12/08-08:57:35.467467,4545341.466488578,978
2025/12/08-08:57:35.467814,4545341.467519055,295
2025/12/08-08:57:35.468701,4545341.467865182,836
2025/12/08-08:57:35.468860,4545341.468754462,106
2025/12/08-08:57:35.469014,4545341.468914235,100
2025/12/08-08:57:35.469635,4545341.469068446,567
2025/12/08-08:57:35.469943,4545341.469685234,257
2025/12/08-08:57:35.470144,4545341.469995713,148
2025/12/08-08:57:35.470695,4545341.470197419,497
2025/12/08-08:57:35.471292,4545341.470747744,545
2025/12/08-08:57:35.471861,4545341.471342760,519
2025/12/08-08:57:35.472116,4545341.471915444,200
2025/12/08-08:57:35.472520,4545341.472178280,342
2025/12/08-08:57:35.473036,4545341.472573685,462
2025/12/08-08:57:35.473640,4545341.473088708,552
2025/12/08-08:57:35.473980,4545341.473691456,289
2025/12/08-08:57:35.474267,4545341.474036551,231
2025/12/08-08:57:35.474815,4545341.474320086,495
2025/12/08-08:57:35.475516,4545341.474871771,644
2025/12/08-08:57:35.476043,4545341.475567427,476
2025/12/08-08:57:35.476744,4545341.476093975,650
2025/12/08-08:57:35.477065,4545341.476805373,260
2025/12/08-08:57:35.477469,4545341.477143447,325
2025/12/08-08:57:35.477831,4545341.477521860,309
2025/12/08-08:57:35.478101,4545341.477890621,210
2025/12/08-08:57:35.478376,4545341.478160651,216
2025/12/08-08:57:35.478635,4545341.478430522,204
2025/12/08-08:57:35.478864,4545341.478688073,176
2025/12/08-08:57:35.479087,4545341.478920805,167
2025/12/08-08:57:35.481055,4545341.479140401,1914
2025/12/08-08:57:35.481197,4545341.481105867,92
2025/12/08-08:57:35.481751,4545341.481306907,444
2025/12/08-08:57:35.481967,4545341.481808684,159
2025/12/08-08:57:35.482291,4545341.482040594,250
2025/12/08-08:57:35.484200,4545341.482353159,1847
2025/12/08-08:57:35.485943,4545341.484252796,1690
2025/12/08-08:57:35.488154,4545341.486008105,2146
2025/12/08-08:57:35.489990,4545341.488207501,1783
2025/12/08-08:57:35.493996,4545341.490045244,3951
2025/12/08-08:57:35.498003,4545341.494056766,3947
2025/12/08-08:57:35.501968,4545341.498053032,3915
2025/12/08-08:57:35.506034,4545341.502041153,3993
2025/12/08-08:57:35.510018,4545341.506090367,3928
2025/12/08-08:57:35.513997,4545341.510069295,3928
2025/12/08-08:57:35.516821,4545341.514080197,2741
2025/12/08-08:57:35.517227,4545341.516875890,352
2025/12/08-08:57:35.517979,4545341.517295518,684
2025/12/08-08:57:35.518271,4545341.518041267,230
2025/12/08-08:57:35.519134,4545341.518334038,800
2025/12/08-08:57:35.519480,4545341.519200041,280
2025/12/08-08:57:35.520345,4545341.519532982,812
2025/12/08-08:57:35.520638,4545341.520398657,239
2025/12/08-08:57:35.520930,4545341.520685655,244
2025/12/08-08:57:35.521195,4545341.520982959,212
2025/12/08-08:57:35.521941,4545341.521247230,693
2025/12/08-08:57:35.522322,4545341.521995723,327
2025/12/08-08:57:35.523424,4545341.522379746,1044
2025/12/08-08:57:35.523862,4545341.523481362,381
2025/12/08-08:57:35.524191,4545341.523913480,278
2025/12/08-08:57:35.524757,4545341.524246981,510
2025/12/08-08:57:35.525279,4545341.524806749,473
2025/12/08-08:57:35.525838,4545341.525343357,494
2025/12/08-08:57:35.526513,4545341.525895530,617
2025/12/08-08:57:35.527045,4545341.526569073,476
2025/12/08-08:57:35.527712,4545341.527101445,611
2025/12/08-08:57:35.528261,4545341.527769832,491
2025/12/08-08:57:35.529462,4545341.528315221,1147
2025/12/08-08:57:35.529948,4545341.529514738,433
2025/12/08-08:57:35.530333,4545341.529999206,334
2025/12/08-08:57:35.530657,4545341.530390352,267
2025/12/08-08:57:35.531843,4545341.530719177,1124
2025/12/08-08:57:35.533960,4545341.531897926,2062
2025/12/08-08:57:35.537263,4545341.534015176,3248
2025/12/08-08:57:35.537750,4545341.537321525,428
2025/12/08-08:57:35.537982,4545341.537802365,180
2025/12/08-08:57:35.542044,4545341.538040795,4004
2025/12/08-08:57:35.542661,4545341.542098859,562
2025/12/08-08:57:35.542985,4545341.542739300,246
2025/12/08-08:57:35.543577,4545341.543036967,540
2025/12/08-08:57:35.544030,4545341.543645793,384
2025/12/08-08:57:35.545761,4545341.544078983,1682
2025/12/08-08:57:35.545944,4545341.545815891,128
2025/12/08-08:57:35.546225,4545341.545999987,225
2025/12/08-08:57:35.546533,4545341.546285878,248
2025/12/08-08:57:35.546889,4545341.546583917,305
2025/12/08-08:57:35.547295,4545341.546939502,355
2025/12/08-08:57:35.547581,4545341.547351310,230
2025/12/08-08:57:35.547958,4545341.547631772,326
2025/12/08-08:57:35.548464,4545341.548017119,447
2025/12/08-08:57:35.549050,4545341.548518705,531
2025/12/08-08:57:35.549638,4545341.549102746,535
2025/12/08-08:57:35.549994,4545341.549693190,301
2025/12/08-08:57:35.552614,4545341.550052956,2561
2025/12/08-08:57:35.553966,4545341.552670596,1295
2025/12/08-08:57:35.554325,4545341.554032487,293
2025/12/08-08:57:35.555376,4545341.554389580,986
2025/12/08-08:57:35.555598,4545341.555426346,172
2025/12/08-08:57:35.555959,4545341.555655144,304
2025/12/08-08:57:35.556396,4545341.556020155,376
2025/12/08-08:57:35.557012,4545341.556444641,567
2025/12/08-08:57:35.557988,4545341.557076257,911
2025/12/08-08:57:35.559425,4545341.558046372,1378
2025/12/08-08:57:35.559780,4545341.559509577,270
2025/12/08-08:57:35.560825,4545341.559838849,986
2025/12/08-08:57:35.561974,4545341.560874054,1100
2025/12/08-08:57:35.562303,4545341.562029131,274
2025/12/08-08:57:35.562530,4545341.562356136,174
2025/12/08-08:57:35.563611,4545341.562585182,1026
2025/12/08-08:57:35.564460,4545341.563672410,787
2025/12/08-08:57:35.564830,4545341.564511808,318
2025/12/08-08:57:35.565883,4545341.564882787,1000
2025/12/08-08:57:35.566214,4545341.565944032,270
2025/12/08-08:57:35.566556,4545341.566263484,292
2025/12/08-08:57:35.567117,4545341.566605202,511
2025/12/08-08:57:35.567384,4545341.567172987,211
2025/12/08-08:57:35.567590,4545341.567435121,155
2025/12/08-08:57:35.567881,4545341.567645306,236
2025/12/08-08:57:35.568476,4545341.567954033,522
2025/12/08-08:57:35.568823,4545341.568523633,299
2025/12/08-08:57:35.569942,4545341.568878622,1064
2025/12/08-08:57:35.570201,4545341.570004978,196
2025/12/08-08:57:35.570521,4545341.570256625,264
2025/12/08-08:57:35.571470,4545341.570571386,899
2025/12/08-08:57:35.571780,4545341.571524610,255
2025/12/08-08:57:35.572121,4545341.571830589,291
2025/12/08-08:57:35.572563,4545341.572177427,386
2025/12/08-08:57:35.573199,4545341.572623772,575
2025/12/08-08:57:35.573530,4545341.573253078,276
2025/12/08-08:57:35.573868,4545341.573580149,287
2025/12/08-08:57:35.574267,4545341.573918519,348
2025/12/08-08:57:35.574899,4545341.574328188,571
2025/12/08-08:57:35.575212,4545341.574954226,258
2025/12/08-08:57:35.575560,4545341.575276422,284
2025/12/08-08:57:35.575874,4545341.575614865,259
2025/12/08-08:57:35.576275,4545341.575931660,343
2025/12/08-08:57:35.576606,4545341.576333276,273
2025/12/08-08:57:35.576997,4545341.576653814,344
2025/12/08-08:57:35.577355,4545341.577058232,297
2025/12/08-08:57:35.577745,4545341.577420782,324
2025/12/08-08:57:35.577940,4545341.577804845,135
2025/12/08-08:57:35.578096,4545341.577993394,103
2025/12/08-08:57:35.578799,4545341.578160791,639
2025/12/08-08:57:35.579238,4545341.578848201,390
2025/12/08-08:57:35.579606,4545341.579294636,312
2025/12/08-08:57:35.580414,4545341.579664839,750
2025/12/08-08:57:35.581625,4545341.580505868,1120
2025/12/08-08:57:35.582837,4545341.581682040,1155
2025/12/08-08:57:35.583787,4545341.582899100,888
2025/12/08-08:57:35.584440,4545341.583845458,595
2025/12/08-08:57:35.584974,4545341.584490999,483
2025/12/08-08:57:35.585964,4545341.585045116,919
2025/12/08-08:57:35.586435,4545341.586021852,413
2025/12/08-08:57:35.587381,4545341.586487048,894
2025/12/08-08:57:35.587570,4545341.587431973,138
2025/12/08-08:57:35.588618,4545341.587623413,995
2025/12/08-08:57:35.588831,4545341.588674830,156
2025/12/08-08:57:35.589273,4545341.588886907,386
2025/12/08-08:57:35.589462,4545341.589331765,130
2025/12/08-08:57:35.589887,4545341.589516972,370
2025/12/08-08:57:35.590122,4545341.589944958,177
2025/12/08-08:57:35.590470,4545341.590176540,294
2025/12/08-08:57:35.591128,4545341.590523165,605
2025/12/08-08:57:35.591465,4545341.591175484,290
2025/12/08-08:57:35.591808,4545341.591525377,283
2025/12/08-08:57:35.592347,4545341.591862463,485
2025/12/08-08:57:35.592693,4545341.592399031,294
2025/12/08-08:57:35.592926,4545341.592754430,171
2025/12/08-08:57:35.593106,4545341.592980206,126
2025/12/08-08:57:35.593709,4545341.593198425,510
2025/12/08-08:57:35.593988,4545341.593766999,221
2025/12/08-08:57:35.594355,4545341.594053546,301
2025/12/08-08:57:35.594583,4545341.594402414,180
2025/12/08-08:57:35.594929,4545341.594638706,290
2025/12/08-08:57:35.595138,4545341.594981431,157
2025/12/08-08:57:35.595611,4545341.595194932,416
2025/12/08-08:57:35.595810,4545341.595671140,139
2025/12/08-08:57:35.596435,4545341.595869705,565
2025/12/08-08:57:35.596599,4545341.596482687,116
2025/12/08-08:57:35.596871,4545341.596673766,197
2025/12/08-08:57:35.597147,4545341.596926580,220
2025/12/08-08:57:35.597693,4545341.597211540,481
2025/12/08-08:57:35.597900,4545341.597748769,151
2025/12/08-08:57:35.598168,4545341.597972971,195
2025/12/08-08:57:35.598653,4545341.598225037,428
2025/12/08-08:57:35.599091,4545341.598720128,371
2025/12/08-08:57:35.599487,4545341.599143697,344
2025/12/08-08:57:35.599645,4545341.599542730,103
2025/12/08-08:57:35.599851,4545341.599699285,151
2025/12/08-08:57:35.600125,4545341.599899979,225
2025/12/08-08:57:35.600505,4545341.600179685,326
2025/12/08-08:57:35.600657,4545341.600570338,87
2025/12/08-08:57:35.600997,4545341.600772119,225
2025/12/08-08:57:35.601365,4545341.601055129,310
2025/12/08-08:57:35.601659,4545341.601421137,237
2025/12/08-08:57:35.601893,4545341.601712338,181
2025/12/08-08:57:35.602287,4545341.601949562,338
2025/12/08-08:57:35.602636,4545341.602368153,267
2025/12/08-08:57:35.603031,4545341.602688201,342
2025/12/08-08:57:35.603412,4545341.603121844,290
2025/12/08-08:57:35.603811,4545341.603470474,340
2025/12/08-08:57:35.604163,4545341.603887137,275
2025/12/08-08:57:35.604558,4545341.604215012,343
2025/12/08-08:57:35.604744,4545341.604607144,136
2025/12/08-08:57:35.604929,4545341.604799803,129
2025/12/08-08:57:35.605306,4545341.604982412,324
2025/12/08-08:57:35.605945,4545341.605355680,589
2025/12/08-08:57:35.606373,4545341.605999399,373
2025/12/08-08:57:35.607060,4545341.606428291,631
2025/12/08-08:57:35.607532,4545341.607113934,418
2025/12/08-08:57:35.607696,4545341.607580835,115
2025/12/08-08:57:35.608200,4545341.607763421,437
2025/12/08-08:57:35.608601,4545341.608256879,344
2025/12/08-08:57:35.609833,4545341.608654924,1178
2025/12/08-08:57:35.610705,4545341.609940339,764
2025/12/08-08:57:35.611069,4545341.610758520,311
2025/12/08-08:57:35.611914,4545341.611132158,781
2025/12/08-08:57:35.612266,4545341.611968929,297
2025/12/08-08:57:35.612434,4545341.612316352,118
2025/12/08-08:57:35.612760,4545341.612492954,267
2025/12/08-08:57:35.613134,4545341.612811718,322
2025/12/08-08:57:35.613623,4545341.613189833,433
2025/12/08-08:57:35.613776,4545341.613683078,93
2025/12/08-08:57:35.614157,4545341.613896909,260
2025/12/08-08:57:35.614894,4545341.614211358,683
2025/12/08-08:57:35.615296,4545341.614941167,355
2025/12/08-08:57:35.615510,4545341.615349372,161
2025/12/08-08:57:35.615692,4545341.615560268,131
2025/12/08-08:57:35.616046,4545341.615751481,294
2025/12/08-08:57:35.616409,4545341.616097032,312
2025/12/08-08:57:35.616566,4545341.616468660,97
2025/12/08-08:57:35.617188,4545341.616687649,501
2025/12/08-08:57:35.617521,4545341.617236737,284
2025/12/08-08:57:35.617829,4545341.617567376,262
2025/12/08-08:57:35.618025,4545341.617885911,139
2025/12/08-08:57:35.618291,4545341.618080602,211
2025/12/08-08:57:35.618533,4545341.618352012,181
2025/12/08-08:57:35.618994,4545341.618589450,404
2025/12/08-08:57:35.619203,4545341.619047560,156
2025/12/08-08:57:35.619357,4545341.619254847,102
2025/12/08-08:57:35.619696,4545341.619415670,281
2025/12/08-08:57:35.620213,4545341.619752946,460
2025/12/08-08:57:35.620397,4545341.620263666,133
2025/12/08-08:57:35.620896,4545341.620450039,446
2025/12/08-08:57:35.621197,4545341.620949065,247
2025/12/08-08:57:35.621441,4545341.621249868,191
2025/12/08-08:57:35.621974,4545341.621510536,464
2025/12/08-08:57:35.622673,4545341.622022385,651
2025/12/08-08:57:35.622953,4545341.622741936,211
2025/12/08-08:57:35.623336,4545341.623019357,316
2025/12/08-08:57:35.623685,4545341.623389262,295
2025/12/08-08:57:35.623930,4545341.623737278,193
2025/12/08-08:57:35.624572,4545341.624009346,562
2025/12/08-08:57:35.624924,4545341.624623335,301
2025/12/08-08:57:35.625185,4545341.624975549,210
2025/12/08-08:57:35.625744,4545341.625240561,503
2025/12/08-08:57:35.625965,4545341.625798395,166
2025/12/08-08:57:35.626700,4545341.626020273,680
2025/12/08-08:57:35.626882,4545341.626753217,129
2025/12/08-08:57:35.627115,4545341.626930137,185
2025/12/08-08:57:35.627393,4545341.627166033,227
2025/12/08-08:57:35.628112,4545341.627454298,658
2025/12/08-08:57:35.628382,4545341.628168991,213
2025/12/08-08:57:35.628861,4545341.628442277,419
2025/12/08-08:57:35.629125,4545341.628942552,183
2025/12/08-08:57:35.629309,4545341.629176055,133
2025/12/08-08:57:35.629883,4545341.629362879,520
2025/12/08-08:57:35.630038,4545341.629943450,95
2025/12/08-08:57:35.630316,4545341.630145271,171
2025/12/08-08:57:35.630626,4545341.630372715,253
2025/12/08-08:57:35.630765,4545341.630677942,87
2025/12/08-08:57:35.631116,4545341.630878555,237
2025/12/08-08:57:35.631501,4545341.631174967,326
2025/12/08-08:57:35.631865,4545341.631559854,305
2025/12/08-08:57:35.632070,4545341.631921941,148
2025/12/08-08:57:35.632257,4545341.632130397,127
2025/12/08-08:57:35.633075,4545341.632309238,766
2025/12/08-08:57:35.633289,4545341.633130835,159
2025/12/08-08:57:35.633980,4545341.633349450,631
2025/12/08-08:57:35.634261,4545341.634035093,226
2025/12/08-08:57:35.634526,4545341.634316945,209
2025/12/08-08:57:35.635213,4545341.634576913,636
2025/12/08-08:57:35.635481,4545341.635265274,216
2025/12/08-08:57:35.635686,4545341.635532459,153
2025/12/08-08:57:35.636746,4545341.635747231,999
2025/12/08-08:57:35.637209,4545341.636800573,408
2025/12/08-08:57:35.637614,4545341.637260754,353
2025/12/08-08:57:35.637806,4545341.637681660,124
2025/12/08-08:57:35.638024,4545341.637855147,169
2025/12/08-08:57:35.638448,4545341.638074850,373
2025/12/08-08:57:35.638665,4545341.638508071,157
2025/12/08-08:57:35.638858,4545341.638714326,144
2025/12/08-08:57:35.639031,4545341.638917955,113
2025/12/08-08:57:35.639248,4545341.639081102,167
2025/12/08-08:57:35.639632,4545341.639305084,326
2025/12/08-08:57:35.639864,4545341.639686873,177
2025/12/08-08:57:35.640081,4545341.639926132,155
2025/12/08-08:57:35.640375,4545341.640130337,244
2025/12/08-08:57:35.641307,4545341.640426068,881
2025/12/08-08:57:35.641614,4545341.641363205,251
2025/12/08-08:57:35.641962,4545341.641671183,291
2025/12/08-08:57:35.642245,4545341.642025064,220
2025/12/08-08:57:35.642451,4545341.642310477,141
2025/12/08-08:57:35.642642,4545341.642500636,141
2025/12/08-08:57:35.642836,4545341.642694974,141
2025/12/08-08:57:35.643057,4545341.642886367,171
2025/12/08-08:57:35.643219,4545341.643117022,102
2025/12/08-08:57:35.643731,4545341.643270664,461
2025/12/08-08:57:35.644046,4545341.643790639,255
2025/12/08-08:57:35.644225,4545341.644096735,128
2025/12/08-08:57:35.644726,4545341.644276982,449
2025/12/08-08:57:35.644925,4545341.644774325,151
2025/12/08-08:57:35.645422,4545341.644982709,439
2025/12/08-08:57:35.645629,4545341.645478758,150
2025/12/08-08:57:35.645992,4545341.645682784,309
2025/12/08-08:57:35.646267,4545341.646045322,222
2025/12/08-08:57:35.646794,4545341.646326282,468
2025/12/08-08:57:35.647260,4545341.646848531,411
2025/12/08-08:57:35.647891,4545341.647316082,575
2025/12/08-08:57:35.648084,4545341.647954687,130
2025/12/08-08:57:35.648392,4545341.648137565,254
2025/12/08-08:57:35.648540,4545341.648440509,100
2025/12/08-08:57:35.649084,4545341.648594951,489
2025/12/08-08:57:35.649326,4545341.649149004,177
2025/12/08-08:57:35.649646,4545341.649376336,270
2025/12/08-08:57:35.649825,4545341.649709132,116
2025/12/08-08:57:35.650322,4545341.649883652,438
2025/12/08-08:57:35.650550,4545341.650377381,173
2025/12/08-08:57:35.650905,4545341.650604733,300
2025/12/08-08:57:35.651525,4545341.650960080,565
2025/12/08-08:57:35.651754,4545341.651578898,175
2025/12/08-08:57:35.652138,4545341.651809076,328
2025/12/08-08:57:35.652763,4545341.652202943,560
2025/12/08-08:57:35.652987,4545341.652816965,170
2025/12/08-08:57:35.653161,4545341.653040882,120
2025/12/08-08:57:35.653335,4545341.653207093,128
2025/12/08-08:57:35.653793,4545341.653394377,398
2025/12/08-08:57:35.653943,4545341.653844836,98
2025/12/08-08:57:35.654200,4545341.654066783,134
2025/12/08-08:57:35.654417,4545341.654251669,166
2025/12/08-08:57:35.654945,4545341.654477864,467
2025/12/08-08:57:35.655406,4545341.655004513,402
2025/12/08-08:57:35.655601,4545341.655456259,145
2025/12/08-08:57:35.655908,4545341.655651663,256
2025/12/08-08:57:35.656160,4545341.655964452,195
2025/12/08-08:57:35.656551,4545341.656212705,339
2025/12/08-08:57:35.656705,4545341.656601741,104
2025/12/08-08:57:35.656915,4545341.656764282,151
2025/12/08-08:57:35.657755,4545341.656968833,786
2025/12/08-08:57:35.657986,4545341.657809029,177
2025/12/08-08:57:35.658465,4545341.658049111,416
2025/12/08-08:57:35.658960,4545341.658549688,410
2025/12/08-08:57:35.659128,4545341.659022242,106
2025/12/08-08:57:35.659603,4545341.659192147,411
2025/12/08-08:57:35.660140,4545341.659656993,483
2025/12/08-08:57:35.660573,4545341.660199111,373
2025/12/08-08:57:35.660833,4545341.660630222,203
2025/12/08-08:57:35.661269,4545341.660882243,387
2025/12/08-08:57:35.661989,4545341.661318168,671
2025/12/08-08:57:35.662507,4545341.662049898,458
2025/12/08-08:57:35.663109,4545341.662559061,550
2025/12/08-08:57:35.663297,4545341.663159301,138
2025/12/08-08:57:35.663492,4545341.663343525,148
2025/12/08-08:57:35.663670,4545341.663544550,125
2025/12/08-08:57:35.663851,4545341.663720657,130
