2025/12/08-08:58:13.765380,4545379.989511987,33.00
2025/12/08-08:58:13.766155,4545379.990273240,47.00
2025/12/08-08:58:13.766345,4545379.990439183,72.00
2025/12/08-08:58:13.766537,4545379.990601457,101.00
2025/12/08-08:58:13.766597,4545379.990711456,52.00
2025/12/08-08:58:13.766753,4545379.990873637,45.00
2025/12/08-08:58:13.766946,4545379.991011455,100.00
2025/12/08-08:58:13.767008,4545379.991120146,53.00
2025/12/08-08:58:13.767203,4545379.991282077,86.00
2025/12/08-08:58:13.767323,4545379.991443964,44.00
2025/12/08-08:58:13.767489,4545379.991606597,48.00
2025/12/08-08:58:13.767679,4545379.991768386,77.00
2025/12/08-08:58:13.767809,4545379.991929620,45.00
2025/12/08-08:58:13.768007,4545379.992092507,80.00
2025/12/08-08:58:13.768132,4545379.992253908,44.00
2025/12/08-08:58:13.768335,4545379.992415859,85.00
2025/12/08-08:58:13.768458,4545379.992577855,46.00
2025/12/08-08:58:13.768618,4545379.992739383,45.00
2025/12/08-08:58:13.768814,4545379.992900597,79.00
2025/12/08-08:58:13.768941,4545379.993062118,44.00
2025/12/08-08:58:13.769132,4545379.993224159,73.00
2025/12/08-08:58:13.769323,4545379.993386385,103.00
2025/12/08-08:58:13.769388,4545379.993497555,56.00
2025/12/08-08:58:13.769541,4545379.993659897,47.00
2025/12/08-08:58:13.769733,4545379.993821110,77.00
2025/12/08-08:58:13.769860,4545379.993983319,42.00
2025/12/08-08:58:13.770059,4545379.994147852,77.00
2025/12/08-08:58:13.770187,4545379.994309002,44.00
2025/12/08-08:58:13.770398,4545379.994471069,93.00
2025/12/08-08:58:13.770513,4545379.994633176,45.00
2025/12/08-08:58:13.770702,4545379.994795282,72.00
2025/12/08-08:58:13.770895,4545379.994957698,103.00
2025/12/08-08:58:13.770959,4545379.995069342,55.00
2025/12/08-08:58:13.771110,4545379.995231094,45.00
2025/12/08-08:58:13.771308,4545379.995392316,81.00
2025/12/08-08:58:13.771433,4545379.995553920,44.00
2025/12/08-08:58:13.771623,4545379.995716332,72.00
2025/12/08-08:58:13.771812,4545379.995878390,99.00
2025/12/08-08:58:13.771894,4545379.996013751,46.00
2025/12/08-08:58:13.772055,4545379.996175356,45.00
2025/12/08-08:58:13.772246,4545379.996336948,75.00
2025/12/08-08:58:13.772375,4545379.996499041,41.00
2025/12/08-08:58:13.772575,4545379.996661319,79.00
2025/12/08-08:58:13.772700,4545379.996824231,42.00
2025/12/08-08:58:13.772903,4545379.996985778,83.00
2025/12/08-08:58:13.773028,4545379.997149413,44.00
2025/12/08-08:58:13.773222,4545379.997311905,75.00
2025/12/08-08:58:13.773408,4545379.997476266,98.00
2025/12/08-08:58:13.773516,4545379.997637647,44.00
2025/12/08-08:58:13.773678,4545379.997799526,44.00
2025/12/08-08:58:13.773873,4545379.997961715,77.00
2025/12/08-08:58:13.774029,4545379.998123806,71.00
2025/12/08-08:58:13.774204,4545379.998285007,85.00
2025/12/08-08:58:13.774325,4545379.998446661,44.00
2025/12/08-08:58:13.774517,4545379.998610109,72.00
2025/12/08-08:58:13.774707,4545379.998772390,100.00
2025/12/08-08:58:13.774771,4545379.998880623,56.00
2025/12/08-08:58:13.774891,4545379.999011492,45.00
2025/12/08-08:58:13.775052,4545379.999173704,44.00
2025/12/08-08:58:13.775249,4545379.999335811,79.00
2025/12/08-08:58:13.775380,4545379.999498011,47.00
2025/12/08-08:58:13.775570,4545379.999661177,74.00
2025/12/08-08:58:13.775704,4545379.999823710,46.00
2025/12/08-08:58:13.775903,4545379.999985992,83.00
2025/12/08-08:58:13.776026,4545380.000147271,45.00
2025/12/08-08:58:13.776217,4545380.000308450,74.00
2025/12/08-08:58:13.776406,4545380.000470486,102.00
2025/12/08-08:58:13.776470,4545380.000580699,55.00
2025/12/08-08:58:13.776622,4545380.000742231,45.00
2025/12/08-08:58:13.776820,4545380.000904237,81.00
2025/12/08-08:58:13.776947,4545380.001066647,46.00
2025/12/08-08:58:13.777146,4545380.001227899,84.00
2025/12/08-08:58:13.777268,4545380.001389337,45.00
2025/12/08-08:58:13.777428,4545380.001550759,43.00
2025/12/08-08:58:13.777625,4545380.001712247,78.00
2025/12/08-08:58:13.777759,4545380.001874282,50.00
2025/12/08-08:58:13.777952,4545380.002024294,93.00
2025/12/08-08:58:13.778067,4545380.002186673,46.00
2025/12/08-08:58:13.778254,4545380.002347979,72.00
2025/12/08-08:58:13.778447,4545380.002509715,103.00
2025/12/08-08:58:13.778511,4545380.002620709,55.00
2025/12/08-08:58:13.778668,4545380.002782858,50.00
2025/12/08-08:58:13.778860,4545380.002944859,81.00
2025/12/08-08:58:13.778986,4545380.003106095,45.00
2025/12/08-08:58:13.779178,4545380.003267559,76.00
2025/12/08-08:58:13.779365,4545380.003429344,101.00
2025/12/08-08:58:13.779429,4545380.003538914,56.00
2025/12/08-08:58:13.779578,4545380.003700659,43.00
2025/12/08-08:58:13.779772,4545380.003862169,76.00
2025/12/08-08:58:13.779889,4545380.004010465,44.00
2025/12/08-08:58:13.780084,4545380.004172914,76.00
2025/12/08-08:58:13.780273,4545380.004335338,104.00
2025/12/08-08:58:13.780336,4545380.004447284,55.00
2025/12/08-08:58:13.780488,4545380.004608799,45.00
2025/12/08-08:58:13.780679,4545380.004770420,74.00
2025/12/08-08:58:13.780809,4545380.004932509,42.00
2025/12/08-08:58:13.781006,4545380.005094127,78.00
2025/12/08-08:58:13.781135,4545380.005255577,46.00
2025/12/08-08:58:13.781334,4545380.005417104,83.00
2025/12/08-08:58:13.781456,4545380.005578442,43.00
2025/12/08-08:58:13.781648,4545380.005739972,73.00
2025/12/08-08:58:13.781840,4545380.005901797,104.00
2025/12/08-08:58:13.781902,4545380.006014192,53.00
2025/12/08-08:58:13.782056,4545380.006176242,45.00
2025/12/08-08:58:13.782251,4545380.006337482,80.00
2025/12/08-08:58:13.782381,4545380.006498225,48.00
2025/12/08-08:58:13.782579,4545380.006660377,84.00
2025/12/08-08:58:13.782700,4545380.006822602,43.00
2025/12/08-08:58:13.782890,4545380.006984450,71.00
2025/12/08-08:58:13.783079,4545380.007145975,99.00
2025/12/08-08:58:13.783193,4545380.007314378,45.00
2025/12/08-08:58:13.783355,4545380.007475690,45.00
2025/12/08-08:58:13.783545,4545380.007637616,73.00
2025/12/08-08:58:13.783678,4545380.007799491,44.00
2025/12/08-08:58:13.783873,4545380.007961652,77.00
2025/12/08-08:58:13.784006,4545380.008123710,48.00
2025/12/08-08:58:13.784206,4545380.008285296,86.00
2025/12/08-08:58:13.784326,4545380.008447345,44.00
2025/12/08-08:58:13.784516,4545380.008609830,72.00
2025/12/08-08:58:13.784705,4545380.008771545,99.00
2025/12/08-08:58:13.784814,4545380.008934058,45.00
2025/12/08-08:58:13.784975,4545380.009096308,45.00
2025/12/08-08:58:13.785169,4545380.009257543,77.00
2025/12/08-08:58:13.785298,4545380.009419050,45.00
2025/12/08-08:58:13.785497,4545380.009580055,83.00
2025/12/08-08:58:13.785621,4545380.009742161,45.00
2025/12/08-08:58:13.785810,4545380.009903495,72.00
2025/12/08-08:58:13.785999,4545380.010066181,99.00
2025/12/08-08:58:13.786107,4545380.010227460,46.00
2025/12/08-08:58:13.786270,4545380.010389185,46.00
2025/12/08-08:58:13.786463,4545380.010551052,78.00
2025/12/08-08:58:13.786592,4545380.010712664,45.00
2025/12/08-08:58:13.786780,4545380.010874707,71.00
2025/12/08-08:58:13.786891,4545380.011010897,46.00
2025/12/08-08:58:13.787052,4545380.011172595,45.00
2025/12/08-08:58:13.787244,4545380.011343557,66.00
2025/12/08-08:58:13.787386,4545380.011505492,46.00
2025/12/08-08:58:13.787584,4545380.011667487,82.00
2025/12/08-08:58:13.787712,4545380.011828876,49.00
2025/12/08-08:58:13.787908,4545380.011990412,84.00
2025/12/08-08:58:13.788085,4545380.012151907,99.00
2025/12/08-08:58:13.788191,4545380.012313639,43.00
2025/12/08-08:58:13.788357,4545380.012476120,46.00
2025/12/08-08:58:13.788548,4545380.012638313,76.00
2025/12/08-08:58:13.788678,4545380.012799409,45.00
2025/12/08-08:58:13.788875,4545380.012960420,80.00
2025/12/08-08:58:13.789003,4545380.013122709,46.00
2025/12/08-08:58:13.789203,4545380.013283967,85.00
2025/12/08-08:58:13.789322,4545380.013445074,43.00
2025/12/08-08:58:13.789516,4545380.013606623,75.00
2025/12/08-08:58:13.789700,4545380.013768399,98.00
2025/12/08-08:58:13.789805,4545380.013929786,41.00
2025/12/08-08:58:13.789970,4545380.014092335,43.00
2025/12/08-08:58:13.790161,4545380.014254223,72.00
2025/12/08-08:58:13.790294,4545380.014415906,44.00
2025/12/08-08:58:13.790490,4545380.014577499,78.00
2025/12/08-08:58:13.790622,4545380.014738906,48.00
2025/12/08-08:58:13.790820,4545380.014901003,85.00
2025/12/08-08:58:13.790940,4545380.015063357,42.00
2025/12/08-08:58:13.791127,4545380.015225473,67.00
2025/12/08-08:58:13.791318,4545380.015386801,97.00
2025/12/08-08:58:13.791442,4545380.015564884,42.00
2025/12/08-08:58:13.791605,4545380.015727215,43.00
2025/12/08-08:58:13.791794,4545380.015888955,71.00
2025/12/08-08:58:13.791892,4545380.016014035,44.00
2025/12/08-08:58:13.792085,4545380.016175582,75.00
2025/12/08-08:58:13.792281,4545380.016337612,109.00
2025/12/08-08:58:13.792345,4545380.016454966,55.00
2025/12/08-08:58:13.792493,4545380.016616706,42.00
2025/12/08-08:58:13.792686,4545380.016777935,74.00
2025/12/08-08:58:13.792839,4545380.016940373,64.00
2025/12/08-08:58:13.793021,4545380.017101836,85.00
2025/12/08-08:58:13.793141,4545380.017263261,43.00
2025/12/08-08:58:13.793331,4545380.017424809,72.00
2025/12/08-08:58:13.793465,4545380.017586536,44.00
2025/12/08-08:58:13.793630,4545380.017748930,47.00
2025/12/08-08:58:13.793818,4545380.017910173,73.00
2025/12/08-08:58:13.793950,4545380.018072770,43.00
2025/12/08-08:58:13.794149,4545380.018234582,80.00
2025/12/08-08:58:13.794273,4545380.018395463,43.00
2025/12/08-08:58:13.794463,4545380.018556665,72.00
2025/12/08-08:58:13.794656,4545380.018718141,103.00
2025/12/08-08:58:13.794720,4545380.018829938,56.00
2025/12/08-08:58:13.794874,4545380.018996843,42.00
2025/12/08-08:58:13.795064,4545380.019159220,71.00
2025/12/08-08:58:13.795202,4545380.019320580,47.00
2025/12/08-08:58:13.795401,4545380.019482891,83.00
2025/12/08-08:58:13.795523,4545380.019644901,43.00
2025/12/08-08:58:13.795713,4545380.019806960,71.00
2025/12/08-08:58:13.795911,4545380.019968963,107.00
2025/12/08-08:58:13.795974,4545380.020084711,55.00
2025/12/08-08:58:13.796121,4545380.020246262,41.00
2025/12/08-08:58:13.796314,4545380.020407522,73.00
2025/12/08-08:58:13.796448,4545380.020568228,46.00
2025/12/08-08:58:13.796639,4545380.020729374,75.00
2025/12/08-08:58:13.796769,4545380.020891560,43.00
2025/12/08-08:58:13.796886,4545380.021010683,41.00
2025/12/08-08:58:13.797087,4545380.021171700,81.00
2025/12/08-08:58:13.797209,4545380.021333789,41.00
2025/12/08-08:58:13.797402,4545380.021495411,73.00
2025/12/08-08:58:13.797533,4545380.021656599,42.00
2025/12/08-08:58:13.797729,4545380.021818361,76.00
2025/12/08-08:58:13.797858,4545380.021980286,43.00
2025/12/08-08:58:13.798053,4545380.022142410,77.00
2025/12/08-08:58:13.798180,4545380.022303643,42.00
2025/12/08-08:58:13.798376,4545380.022464907,76.00
2025/12/08-08:58:13.798504,4545380.022627293,43.00
2025/12/08-08:58:13.798704,4545380.022788978,81.00
2025/12/08-08:58:13.798829,4545380.022950944,43.00
2025/12/08-08:58:13.798988,4545380.023113106,41.00
2025/12/08-08:58:13.799184,4545380.023274671,75.00
2025/12/08-08:58:13.799316,4545380.023436313,45.00
2025/12/08-08:58:13.799507,4545380.023598619,74.00
2025/12/08-08:58:13.799638,4545380.023760163,44.00
2025/12/08-08:58:13.799839,4545380.023921607,83.00
2025/12/08-08:58:13.799962,4545380.024083504,44.00
2025/12/08-08:58:13.800154,4545380.024244463,75.00
2025/12/08-08:58:13.800281,4545380.024406270,40.00
2025/12/08-08:58:13.800444,4545380.024568600,41.00
2025/12/08-08:58:13.800641,4545380.024730811,76.00
2025/12/08-08:58:13.800777,4545380.024892512,50.00
2025/12/08-08:58:13.800888,4545380.025009717,44.00
2025/12/08-08:58:13.801079,4545380.025175929,69.00
2025/12/08-08:58:13.801273,4545380.025337359,102.00
2025/12/08-08:58:13.801339,4545380.025447557,57.00
2025/12/08-08:58:13.801489,4545380.025609634,45.00
2025/12/08-08:58:13.801682,4545380.025771852,76.00
2025/12/08-08:58:13.801810,4545380.025933783,42.00
2025/12/08-08:58:13.802007,4545380.026095819,77.00
2025/12/08-08:58:13.802140,4545380.026257243,49.00
2025/12/08-08:58:13.802335,4545380.026418368,83.00
2025/12/08-08:58:13.802463,4545380.026579661,49.00
2025/12/08-08:58:13.802648,4545380.026741159,72.00
2025/12/08-08:58:13.802841,4545380.026902745,104.00
2025/12/08-08:58:13.802902,4545380.027014895,53.00
2025/12/08-08:58:13.803053,4545380.027177529,41.00
2025/12/08-08:58:13.803247,4545380.027339585,73.00
2025/12/08-08:58:13.803377,4545380.027501281,41.00
2025/12/08-08:58:13.803571,4545380.027662557,74.00
2025/12/08-08:58:13.803713,4545380.027823995,55.00
2025/12/08-08:58:13.803905,4545380.027985620,85.00
2025/12/08-08:58:13.804028,4545380.028147425,46.00
2025/12/08-08:58:13.804216,4545380.028309155,72.00
2025/12/08-08:58:13.804407,4545380.028471177,101.00
2025/12/08-08:58:13.804470,4545380.028580873,55.00
2025/12/08-08:58:13.804617,4545380.028742353,40.00
2025/12/08-08:58:13.804812,4545380.028904298,73.00
2025/12/08-08:58:13.804942,4545380.029066669,41.00
2025/12/08-08:58:13.805139,4545380.029228494,76.00
2025/12/08-08:58:13.805270,4545380.029389725,45.00
2025/12/08-08:58:13.805473,4545380.029552045,87.00
2025/12/08-08:58:13.805589,4545380.029713555,41.00
2025/12/08-08:58:13.805781,4545380.029875069,71.00
2025/12/08-08:58:13.805887,4545380.030010169,43.00
2025/12/08-08:58:13.806047,4545380.030172017,41.00
2025/12/08-08:58:13.806242,4545380.030333882,74.00
2025/12/08-08:58:13.806375,4545380.030495412,45.00
2025/12/08-08:58:13.806567,4545380.030656853,76.00
2025/12/08-08:58:13.806701,4545380.030818879,48.00
2025/12/08-08:58:13.806887,4545380.030979761,73.00
2025/12/08-08:58:13.807082,4545380.031141256,107.00
2025/12/08-08:58:13.807147,4545380.031256120,57.00
2025/12/08-08:58:13.807299,4545380.031418463,46.00
2025/12/08-08:58:13.807493,4545380.031580592,78.00
2025/12/08-08:58:13.807622,4545380.031742538,45.00
2025/12/08-08:58:13.807814,4545380.031904075,76.00
2025/12/08-08:58:13.807947,4545380.032066309,46.00
2025/12/08-08:58:13.808133,4545380.032227903,71.00
2025/12/08-08:58:13.808323,4545380.032389458,99.00
2025/12/08-08:58:13.808426,4545380.032550950,41.00
2025/12/08-08:58:13.808589,4545380.032712498,42.00
2025/12/08-08:58:13.808782,4545380.032874130,73.00
2025/12/08-08:58:13.808887,4545380.033009788,43.00
2025/12/08-08:58:13.809075,4545380.033170855,70.00
2025/12/08-08:58:13.809273,4545380.033333110,105.00
2025/12/08-08:58:13.809338,4545380.033446669,57.00
2025/12/08-08:58:13.809484,4545380.033608125,41.00
2025/12/08-08:58:13.809678,4545380.033769846,74.00
2025/12/08-08:58:13.809808,4545380.033931776,42.00
2025/12/08-08:58:13.810011,4545380.034093823,82.00
2025/12/08-08:58:13.810141,4545380.034256362,50.00
2025/12/08-08:58:13.810330,4545380.034417890,77.00
2025/12/08-08:58:13.810459,4545380.034579747,45.00
2025/12/08-08:58:13.810654,4545380.034741245,79.00
2025/12/08-08:58:13.810778,4545380.034902358,41.00
2025/12/08-08:58:13.810969,4545380.035064876,70.00
2025/12/08-08:58:13.811157,4545380.035226773,96.00
2025/12/08-08:58:13.811263,4545380.035387946,41.00
2025/12/08-08:58:13.811428,4545380.035550675,43.00
2025/12/08-08:58:13.811621,4545380.035711843,74.00
2025/12/08-08:58:13.811756,4545380.035873872,48.00
2025/12/08-08:58:13.811946,4545380.036009567,102.00
2025/12/08-08:58:13.812022,4545380.036120423,67.00
2025/12/08-08:58:13.812206,4545380.036281963,89.00
2025/12/08-08:58:13.812330,4545380.036445014,51.00
2025/12/08-08:58:13.812483,4545380.036606752,41.00
2025/12/08-08:58:13.812679,4545380.036768898,76.00
2025/12/08-08:58:13.812814,4545380.036930886,48.00
2025/12/08-08:58:13.813003,4545380.037094051,74.00
2025/12/08-08:58:13.813139,4545380.037255927,49.00
2025/12/08-08:58:13.813331,4545380.037417287,80.00
2025/12/08-08:58:13.813457,4545380.037578508,44.00
2025/12/08-08:58:13.813648,4545380.037740389,73.00
2025/12/08-08:58:13.813843,4545380.037901645,107.00
2025/12/08-08:58:13.813904,4545380.038016083,53.00
2025/12/08-08:58:13.814056,4545380.038178116,44.00
2025/12/08-08:58:13.814249,4545380.038339707,75.00
2025/12/08-08:58:13.814381,4545380.038501544,45.00
2025/12/08-08:58:13.814577,4545380.038662702,80.00
2025/12/08-08:58:13.814701,4545380.038823936,43.00
2025/12/08-08:58:13.814891,4545380.038985671,71.00
2025/12/08-08:58:13.815088,4545380.039147522,106.00
2025/12/08-08:58:13.815152,4545380.039262294,55.00
2025/12/08-08:58:13.815306,4545380.039424280,47.00
2025/12/08-08:58:13.815501,4545380.039586411,80.00
2025/12/08-08:58:13.815628,4545380.039748913,45.00
2025/12/08-08:58:13.815826,4545380.039910257,81.00
2025/12/08-08:58:13.815948,4545380.040072499,41.00
2025/12/08-08:58:13.816138,4545380.040234231,70.00
2025/12/08-08:58:13.816329,4545380.040395788,99.00
2025/12/08-08:58:13.816436,4545380.040557796,43.00
2025/12/08-08:58:13.816605,4545380.040725927,45.00
2025/12/08-08:58:13.816794,4545380.040887988,72.00
2025/12/08-08:58:13.816887,4545380.041011330,42.00
2025/12/08-08:58:13.817080,4545380.041172529,73.00
2025/12/08-08:58:13.817271,4545380.041333891,102.00
2025/12/08-08:58:13.817340,4545380.041444328,62.00
2025/12/08-08:58:13.817481,4545380.041605021,42.00
2025/12/08-08:58:13.817676,4545380.041766283,75.00
2025/12/08-08:58:13.817804,4545380.041928397,42.00
2025/12/08-08:58:13.818001,4545380.042098297,69.00
2025/12/08-08:58:13.818142,4545380.042259986,47.00
2025/12/08-08:58:13.818334,4545380.042422085,78.00
2025/12/08-08:58:13.818462,4545380.042583234,44.00
2025/12/08-08:58:13.818648,4545380.042745016,69.00
2025/12/08-08:58:13.818842,4545380.042907068,101.00
2025/12/08-08:58:13.818905,4545380.043015856,55.00
2025/12/08-08:58:13.819055,4545380.043177494,43.00
2025/12/08-08:58:13.819255,4545380.043339266,81.00
2025/12/08-08:58:13.819389,4545380.043501463,53.00
2025/12/08-08:58:13.819575,4545380.043662811,78.00
2025/12/08-08:58:13.819705,4545380.043823842,47.00
2025/12/08-08:58:13.819895,4545380.043986178,74.00
2025/12/08-08:58:13.820083,4545380.044148440,100.00
2025/12/08-08:58:13.820156,4545380.044257338,64.00
2025/12/08-08:58:13.820299,4545380.044419579,45.00
2025/12/08-08:58:13.820493,4545380.044581722,76.00
2025/12/08-08:58:13.820624,4545380.044743749,46.00
2025/12/08-08:58:13.820816,4545380.044904559,77.00
2025/12/08-08:58:13.820948,4545380.045066124,47.00
2025/12/08-08:58:13.821147,4545380.045228203,85.00
2025/12/08-08:58:13.821270,4545380.045389671,46.00
2025/12/08-08:58:13.821456,4545380.045550743,71.00
2025/12/08-08:58:13.821660,4545380.045712424,113.00
2025/12/08-08:58:13.821724,4545380.045834295,55.00
2025/12/08-08:58:13.821875,4545380.045995951,45.00
2025/12/08-08:58:13.822066,4545380.046157449,74.00
2025/12/08-08:58:13.822204,4545380.046319492,50.00
2025/12/08-08:58:13.822398,4545380.046481821,82.00
2025/12/08-08:58:13.822522,4545380.046643772,44.00
2025/12/08-08:58:13.822710,4545380.046804892,71.00
2025/12/08-08:58:13.822903,4545380.046966610,102.00
2025/12/08-08:58:13.822965,4545380.047077174,54.00
2025/12/08-08:58:13.823115,4545380.047238740,42.00
2025/12/08-08:58:13.823313,4545380.047400147,78.00
2025/12/08-08:58:13.823438,4545380.047562105,41.00
2025/12/08-08:58:13.823634,4545380.047724200,75.00
2025/12/08-08:58:13.823761,4545380.047885731,41.00
2025/12/08-08:58:13.823885,4545380.048010168,40.00
2025/12/08-08:58:13.824088,4545380.048172469,81.00
2025/12/08-08:58:13.824218,4545380.048334320,49.00
2025/12/08-08:58:13.824399,4545380.048496228,68.00
2025/12/08-08:58:13.824535,4545380.048658193,42.00
2025/12/08-08:58:13.824729,4545380.048819543,75.00
2025/12/08-08:58:13.824859,4545380.048981989,42.00
2025/12/08-08:58:13.825059,4545380.049144134,81.00
2025/12/08-08:58:13.825182,4545380.049305695,42.00
2025/12/08-08:58:13.825353,4545380.049467129,52.00
2025/12/08-08:58:13.825536,4545380.049628597,73.00
2025/12/08-08:58:13.825668,4545380.049790644,43.00
2025/12/08-08:58:13.825868,4545380.049951972,82.00
2025/12/08-08:58:13.825995,4545380.050113272,48.00
2025/12/08-08:58:13.826192,4545380.050275245,82.00
2025/12/08-08:58:13.826312,4545380.050436807,41.00
2025/12/08-08:58:13.826505,4545380.050598326,72.00
2025/12/08-08:58:13.826694,4545380.050760054,100.00
2025/12/08-08:58:13.826764,4545380.050868134,61.00
2025/12/08-08:58:13.826892,4545380.051009674,48.00
2025/12/08-08:58:13.827088,4545380.051170977,83.00
2025/12/08-08:58:13.827216,4545380.051332537,49.00
2025/12/08-08:58:13.827412,4545380.051494485,83.00
2025/12/08-08:58:13.827533,4545380.051656203,42.00
2025/12/08-08:58:13.827724,4545380.051817925,71.00
2025/12/08-08:58:13.827915,4545380.051979636,101.00
2025/12/08-08:58:13.827981,4545380.052089496,57.00
2025/12/08-08:58:13.828128,4545380.052251186,42.00
2025/12/08-08:58:13.828320,4545380.052412520,74.00
2025/12/08-08:58:13.828456,4545380.052573609,48.00
2025/12/08-08:58:13.828652,4545380.052735946,81.00
2025/12/08-08:58:13.828776,4545380.052898416,43.00
2025/12/08-08:58:13.828963,4545380.053060556,69.00
2025/12/08-08:58:13.829160,4545380.053221775,104.00
2025/12/08-08:58:13.829224,4545380.053333835,56.00
2025/12/08-08:58:13.829371,4545380.053495670,41.00
2025/12/08-08:58:13.829561,4545380.053657436,70.00
2025/12/08-08:58:13.829697,4545380.053818926,43.00
2025/12/08-08:58:13.829897,4545380.053981497,82.00
2025/12/08-08:58:13.830029,4545380.054143051,52.00
2025/12/08-08:58:13.830220,4545380.054304387,82.00
2025/12/08-08:58:13.830345,4545380.054466433,44.00
2025/12/08-08:58:13.830534,4545380.054628697,71.00
2025/12/08-08:58:13.830727,4545380.054791010,102.00
2025/12/08-08:58:13.830792,4545380.054900968,57.00
2025/12/08-08:58:13.830939,4545380.055062596,43.00
2025/12/08-08:58:13.831143,4545380.055223630,85.00
2025/12/08-08:58:13.831262,4545380.055384697,43.00
2025/12/08-08:58:13.831456,4545380.055546897,75.00
2025/12/08-08:58:13.831586,4545380.055708823,43.00
2025/12/08-08:58:13.831784,4545380.055870957,78.00
2025/12/08-08:58:13.831886,4545380.056009882,42.00
2025/12/08-08:58:13.832075,4545380.056171161,69.00
2025/12/08-08:58:13.832266,4545380.056333012,98.00
2025/12/08-08:58:13.832371,4545380.056495337,41.00
2025/12/08-08:58:13.832537,4545380.056656852,45.00
2025/12/08-08:58:13.832727,4545380.056819011,74.00
2025/12/08-08:58:13.832864,4545380.056980583,49.00
2025/12/08-08:58:13.833056,4545380.057142027,80.00
2025/12/08-08:58:13.833180,4545380.057303635,42.00
2025/12/08-08:58:13.833373,4545380.057465521,73.00
2025/12/08-08:58:13.833562,4545380.057626691,101.00
2025/12/08-08:58:13.833632,4545380.057736169,61.00
2025/12/08-08:58:13.833775,4545380.057897980,43.00
2025/12/08-08:58:13.833967,4545380.058060407,72.00
2025/12/08-08:58:13.834100,4545380.058222268,43.00
2025/12/08-08:58:13.834293,4545380.058384299,74.00
2025/12/08-08:58:13.834433,4545380.058546603,52.00
2025/12/08-08:58:13.834623,4545380.058708034,81.00
2025/12/08-08:58:13.834744,4545380.058869190,40.00
2025/12/08-08:58:13.834941,4545380.059010530,96.00
2025/12/08-08:58:13.835048,4545380.059172567,41.00
2025/12/08-08:58:13.835217,4545380.059334589,48.00
2025/12/08-08:58:13.835413,4545380.059495676,83.00
2025/12/08-08:58:13.835541,4545380.059658117,49.00
2025/12/08-08:58:13.835734,4545380.059820077,79.00
2025/12/08-08:58:13.835858,4545380.059982008,42.00
2025/12/08-08:58:13.836050,4545380.060143398,72.00
2025/12/08-08:58:13.836237,4545380.060304914,98.00
2025/12/08-08:58:13.836344,4545380.060466913,43.00
2025/12/08-08:58:13.836505,4545380.060628566,42.00
2025/12/08-08:58:13.836697,4545380.060790458,72.00
2025/12/08-08:58:13.836829,4545380.060952636,42.00
2025/12/08-08:58:13.837023,4545380.061114319,74.00
2025/12/08-08:58:13.837154,4545380.061275907,44.00
2025/12/08-08:58:13.837359,4545380.061437686,87.00
2025/12/08-08:58:13.837475,4545380.061599388,42.00
2025/12/08-08:58:13.837667,4545380.061761165,72.00
2025/12/08-08:58:13.837860,4545380.061922478,103.00
2025/12/08-08:58:13.837924,4545380.062033412,56.00
2025/12/08-08:58:13.838076,4545380.062194964,47.00
2025/12/08-08:58:13.838267,4545380.062356005,76.00
2025/12/08-08:58:13.838394,4545380.062518078,41.00
2025/12/08-08:58:13.838592,4545380.062679957,78.00
2025/12/08-08:58:13.838719,4545380.062842501,42.00
2025/12/08-08:58:13.838916,4545380.063009621,72.00
2025/12/08-08:58:13.839048,4545380.063171228,43.00
2025/12/08-08:58:13.839246,4545380.063332251,80.00
2025/12/08-08:58:13.839369,4545380.063493946,41.00
2025/12/08-08:58:13.839562,4545380.063655958,72.00
2025/12/08-08:58:13.839752,4545380.063817325,101.00
2025/12/08-08:58:13.839817,4545380.063925909,56.00
2025/12/08-08:58:13.839967,4545380.064088372,45.00
2025/12/08-08:58:13.840156,4545380.064249765,72.00
2025/12/08-08:58:13.840292,4545380.064411521,46.00
2025/12/08-08:58:13.840488,4545380.064572646,81.00
2025/12/08-08:58:13.840612,4545380.064734612,43.00
2025/12/08-08:58:13.840800,4545380.064896634,69.00
2025/12/08-08:58:13.840886,4545380.065009650,42.00
2025/12/08-08:58:13.841047,4545380.065171049,41.00
2025/12/08-08:58:13.841241,4545380.065333239,73.00
2025/12/08-08:58:13.841373,4545380.065494832,43.00
2025/12/08-08:58:13.841568,4545380.065656535,77.00
2025/12/08-08:58:13.841698,4545380.065817977,45.00
2025/12/08-08:58:13.841899,4545380.065986551,78.00
2025/12/08-08:58:13.842028,4545380.066148137,45.00
2025/12/08-08:58:13.842230,4545380.066309468,86.00
2025/12/08-08:58:13.842353,4545380.066471195,47.00
2025/12/08-08:58:13.842537,4545380.066633229,69.00
2025/12/08-08:58:13.842731,4545380.066795499,101.00
2025/12/08-08:58:13.842795,4545380.066904458,56.00
2025/12/08-08:58:13.842943,4545380.067067235,42.00
2025/12/08-08:58:13.843136,4545380.067229184,72.00
2025/12/08-08:58:13.843267,4545380.067391171,41.00
2025/12/08-08:58:13.843462,4545380.067553146,74.00
2025/12/08-08:58:13.843594,4545380.067715017,44.00
2025/12/08-08:58:13.843788,4545380.067877218,77.00
2025/12/08-08:58:13.843888,4545380.068009532,44.00
2025/12/08-08:58:13.844073,4545380.068171023,68.00
2025/12/08-08:58:13.844275,4545380.068332383,108.00
2025/12/08-08:58:13.844340,4545380.068448800,56.00
2025/12/08-08:58:13.844487,4545380.068610775,42.00
2025/12/08-08:58:13.844679,4545380.068772239,72.00
2025/12/08-08:58:13.844810,4545380.068934299,42.00
2025/12/08-08:58:13.845004,4545380.069096760,73.00
2025/12/08-08:58:13.845138,4545380.069258633,45.00
2025/12/08-08:58:13.845335,4545380.069420363,80.00
2025/12/08-08:58:13.845459,4545380.069581836,43.00
2025/12/08-08:58:13.845649,4545380.069743683,71.00
2025/12/08-08:58:13.845842,4545380.069905229,102.00
2025/12/08-08:58:13.845904,4545380.070022897,47.00
2025/12/08-08:58:13.846064,4545380.070184968,45.00
2025/12/08-08:58:13.846251,4545380.070346828,70.00
2025/12/08-08:58:13.846394,4545380.070508630,51.00
2025/12/08-08:58:13.846585,4545380.070670364,81.00
2025/12/08-08:58:13.846707,4545380.070831630,41.00
2025/12/08-08:58:13.846901,4545380.070993743,72.00
2025/12/08-08:58:13.847088,4545380.071156062,98.00
2025/12/08-08:58:13.847193,4545380.071317259,41.00
2025/12/08-08:58:13.847357,4545380.071479044,43.00
2025/12/08-08:58:13.847548,4545380.071641247,73.00
2025/12/08-08:58:13.847679,4545380.071802395,43.00
2025/12/08-08:58:13.847878,4545380.071964019,80.00
2025/12/08-08:58:13.848003,4545380.072125681,43.00
2025/12/08-08:58:13.848195,4545380.072287685,73.00
2025/12/08-08:58:13.848386,4545380.072449624,102.00
2025/12/08-08:58:13.848450,4545380.072560426,55.00
2025/12/08-08:58:13.848600,4545380.072721796,44.00
2025/12/08-08:58:13.848794,4545380.072883349,76.00
2025/12/08-08:58:13.848885,4545380.073009530,42.00
2025/12/08-08:58:13.849075,4545380.073170792,70.00
2025/12/08-08:58:13.849267,4545380.073332414,100.00
2025/12/08-08:58:13.849332,4545380.073440482,58.00
2025/12/08-08:58:13.849486,4545380.073601715,50.00
2025/12/08-08:58:13.849669,4545380.073762978,72.00
2025/12/08-08:58:13.849800,4545380.073924279,42.00
2025/12/08-08:58:13.850002,4545380.074086098,81.00
2025/12/08-08:58:13.850130,4545380.074248163,47.00
2025/12/08-08:58:13.850327,4545380.074410418,82.00
2025/12/08-08:58:13.850452,4545380.074572270,46.00
2025/12/08-08:58:13.850642,4545380.074733779,74.00
2025/12/08-08:58:13.850774,4545380.074895027,45.00
2025/12/08-08:58:13.850888,4545380.075009282,44.00
2025/12/08-08:58:13.851047,4545380.075171254,41.00
2025/12/08-08:58:13.851238,4545380.075333151,71.00
2025/12/08-08:58:13.851370,4545380.075494435,41.00
2025/12/08-08:58:13.851564,4545380.075656424,73.00
2025/12/08-08:58:13.851704,4545380.075818281,52.00
2025/12/08-08:58:13.851895,4545380.075979620,81.00
2025/12/08-08:58:13.852020,4545380.076141459,45.00
2025/12/08-08:58:13.852212,4545380.076302399,76.00
2025/12/08-08:58:13.852341,4545380.076463811,43.00
2025/12/08-08:58:13.852501,4545380.076625895,41.00
2025/12/08-08:58:13.852694,4545380.076788284,72.00
2025/12/08-08:58:13.852827,4545380.076949515,43.00
2025/12/08-08:58:13.853023,4545380.077111431,77.00
2025/12/08-08:58:13.853153,4545380.077273195,45.00
2025/12/08-08:58:13.853351,4545380.077435258,81.00
2025/12/08-08:58:13.853485,4545380.077597272,53.00
2025/12/08-08:58:13.853664,4545380.077759272,70.00
2025/12/08-08:58:13.853859,4545380.077921812,103.00
2025/12/08-08:58:13.853924,4545380.078033242,56.00
2025/12/08-08:58:13.854071,4545380.078195415,41.00
2025/12/08-08:58:13.854265,4545380.078357099,74.00
2025/12/08-08:58:13.854396,4545380.078518985,43.00
2025/12/08-08:58:13.854593,4545380.078681060,77.00
2025/12/08-08:58:13.854731,4545380.078842770,53.00
2025/12/08-08:58:13.854920,4545380.079010059,76.00
2025/12/08-08:58:13.855053,4545380.079172159,46.00
2025/12/08-08:58:13.855249,4545380.079333975,81.00
2025/12/08-08:58:13.855373,4545380.079495586,43.00
2025/12/08-08:58:13.855561,4545380.079657423,70.00
2025/12/08-08:58:13.855752,4545380.079818689,99.00
2025/12/08-08:58:13.855857,4545380.079980392,43.00
2025/12/08-08:58:13.856019,4545380.080141947,42.00
2025/12/08-08:58:13.856213,4545380.080303780,75.00
2025/12/08-08:58:13.856342,4545380.080465456,42.00
2025/12/08-08:58:13.856535,4545380.080627295,73.00
2025/12/08-08:58:13.856665,4545380.080789071,42.00
2025/12/08-08:58:13.856864,4545380.080950439,79.00
2025/12/08-08:58:13.856993,4545380.081113192,45.00
2025/12/08-08:58:13.857180,4545380.081275190,71.00
2025/12/08-08:58:13.857369,4545380.081436743,98.00
2025/12/08-08:58:13.857474,4545380.081598182,42.00
2025/12/08-08:58:13.857637,4545380.081760550,43.00
2025/12/08-08:58:13.857831,4545380.081921659,75.00
2025/12/08-08:58:13.857962,4545380.082084601,43.00
2025/12/08-08:58:13.858157,4545380.082246848,76.00
2025/12/08-08:58:13.858294,4545380.082408689,51.00
2025/12/08-08:58:13.858481,4545380.082570777,76.00
2025/12/08-08:58:13.858618,4545380.082732246,51.00
2025/12/08-08:58:13.858799,4545380.082893937,71.00
2025/12/08-08:58:13.858887,4545380.083009719,43.00
2025/12/08-08:58:13.859049,4545380.083170512,44.00
2025/12/08-08:58:13.859244,4545380.083331893,77.00
2025/12/08-08:58:13.859373,4545380.083493697,45.00
2025/12/08-08:58:13.859573,4545380.083655559,83.00
2025/12/08-08:58:13.859696,4545380.083818168,44.00
2025/12/08-08:58:13.859883,4545380.083979512,69.00
2025/12/08-08:58:13.860079,4545380.084141469,104.00
2025/12/08-08:58:13.860139,4545380.084253406,52.00
2025/12/08-08:58:13.860298,4545380.084414677,49.00
2025/12/08-08:58:13.860490,4545380.084575761,80.00
2025/12/08-08:58:13.860615,4545380.084737106,43.00
2025/12/08-08:58:13.860809,4545380.084899945,75.00
2025/12/08-08:58:13.860937,4545380.085061604,41.00
2025/12/08-08:58:13.861133,4545380.085222948,76.00
2025/12/08-08:58:13.861260,4545380.085384259,41.00
2025/12/08-08:58:13.861453,4545380.085545990,72.00
2025/12/08-08:58:13.861644,4545380.085708025,102.00
2025/12/08-08:58:13.861714,4545380.085819457,60.00
2025/12/08-08:58:13.861859,4545380.085980726,44.00
2025/12/08-08:58:13.862049,4545380.086143068,72.00
2025/12/08-08:58:13.862184,4545380.086304604,45.00
2025/12/08-08:58:13.862383,4545380.086465855,83.00
2025/12/08-08:58:13.862507,4545380.086627602,45.00
2025/12/08-08:58:13.862693,4545380.086788517,71.00
2025/12/08-08:58:13.862885,4545380.086950378,100.00
2025/12/08-08:58:13.862950,4545380.087058742,57.00
2025/12/08-08:58:13.863096,4545380.087220338,41.00
2025/12/08-08:58:13.863298,4545380.087382775,81.00
2025/12/08-08:58:13.863422,4545380.087544523,43.00
2025/12/08-08:58:13.863624,4545380.087706447,83.00
2025/12/08-08:58:13.863752,4545380.087867897,49.00
2025/12/08-08:58:13.863946,4545380.088010596,101.00
2025/12/08-08:58:13.864022,4545380.088120121,67.00
2025/12/08-08:58:13.864208,4545380.088281967,92.00
2025/12/08-08:58:13.864324,4545380.088443402,46.00
2025/12/08-08:58:13.864482,4545380.088605283,43.00
2025/12/08-08:58:13.864672,4545380.088766699,71.00
2025/12/08-08:58:13.864807,4545380.088929027,43.00
2025/12/08-08:58:13.865008,4545380.089091477,82.00
2025/12/08-08:58:13.865135,4545380.089253374,47.00
2025/12/08-08:58:13.865333,4545380.089415174,83.00
2025/12/08-08:58:13.865457,4545380.089577205,46.00
2025/12/08-08:58:13.865646,4545380.089738759,73.00
2025/12/08-08:58:13.865843,4545380.089900853,108.00
2025/12/08-08:58:13.865901,4545380.090016766,50.00
2025/12/08-08:58:13.866056,4545380.090178032,44.00
2025/12/08-08:58:13.866253,4545380.090338932,79.00
2025/12/08-08:58:13.866386,4545380.090501356,50.00
2025/12/08-08:58:13.866574,4545380.090663378,76.00
2025/12/08-08:58:13.866702,4545380.090825520,42.00
2025/12/08-08:58:13.866896,4545380.090987201,74.00
2025/12/08-08:58:13.867087,4545380.091157981,94.00
2025/12/08-08:58:13.867196,4545380.091319709,42.00
2025/12/08-08:58:13.867360,4545380.091481674,44.00
2025/12/08-08:58:13.867555,4545380.091642796,77.00
2025/12/08-08:58:13.867682,4545380.091805175,42.00
2025/12/08-08:58:13.867876,4545380.091967477,74.00
2025/12/08-08:58:13.868007,4545380.092128949,43.00
2025/12/08-08:58:13.868204,4545380.092290809,79.00
2025/12/08-08:58:13.868331,4545380.092452418,44.00
2025/12/08-08:58:13.868519,4545380.092613828,70.00
2025/12/08-08:58:13.868709,4545380.092775836,99.00
2025/12/08-08:58:13.868822,4545380.092937559,50.00
2025/12/08-08:58:13.868976,4545380.093100558,41.00
2025/12/08-08:58:13.869168,4545380.093263186,70.00
2025/12/08-08:58:13.869305,4545380.093425155,46.00
2025/12/08-08:58:13.869502,4545380.093586839,81.00
2025/12/08-08:58:13.869623,4545380.093748349,41.00
2025/12/08-08:58:13.869814,4545380.093909366,70.00
2025/12/08-08:58:13.870006,4545380.094071939,100.00
2025/12/08-08:58:13.870070,4545380.094179586,56.00
2025/12/08-08:58:13.870217,4545380.094341356,42.00
2025/12/08-08:58:13.870416,4545380.094502594,79.00
2025/12/08-08:58:13.870541,4545380.094664434,42.00
2025/12/08-08:58:13.870733,4545380.094826217,73.00
2025/12/08-08:58:13.870863,4545380.094988151,40.00
2025/12/08-08:58:13.871058,4545380.095150346,73.00
2025/12/08-08:58:13.871197,4545380.095312674,50.00
2025/12/08-08:58:13.871393,4545380.095474467,84.00
2025/12/08-08:58:13.871514,4545380.095636776,43.00
2025/12/08-08:58:13.871704,4545380.095798891,71.00
2025/12/08-08:58:13.871895,4545380.095960234,100.00
2025/12/08-08:58:13.871960,4545380.096068779,57.00
2025/12/08-08:58:13.872107,4545380.096230475,42.00
2025/12/08-08:58:13.872302,4545380.096393057,75.00
2025/12/08-08:58:13.872440,4545380.096554366,51.00
2025/12/08-08:58:13.872630,4545380.096716226,79.00
2025/12/08-08:58:13.872755,4545380.096878017,43.00
2025/12/08-08:58:13.872943,4545380.097010041,98.00
2025/12/08-08:58:13.873047,4545380.097171412,41.00
2025/12/08-08:58:13.873209,4545380.097332911,42.00
2025/12/08-08:58:13.873403,4545380.097495140,73.00
2025/12/08-08:58:13.873537,4545380.097656715,46.00
2025/12/08-08:58:13.873735,4545380.097817565,83.00
2025/12/08-08:58:13.873857,4545380.097979105,43.00
2025/12/08-08:58:13.874058,4545380.098143430,80.00
2025/12/08-08:58:13.874181,4545380.098305427,41.00
2025/12/08-08:58:13.874373,4545380.098468232,70.00
2025/12/08-08:58:13.874565,4545380.098630046,100.00
2025/12/08-08:58:13.874630,4545380.098738543,57.00
2025/12/08-08:58:13.874775,4545380.098900137,40.00
2025/12/08-08:58:13.874971,4545380.099062334,75.00
2025/12/08-08:58:13.875111,4545380.099223574,53.00
2025/12/08-08:58:13.875299,4545380.099385590,79.00
2025/12/08-08:58:13.875424,4545380.099548140,41.00
2025/12/08-08:58:13.875613,4545380.099710381,68.00
2025/12/08-08:58:13.875808,4545380.099871945,101.00
2025/12/08-08:58:13.875872,4545380.099981786,56.00
2025/12/08-08:58:13.876027,4545380.100143876,49.00
2025/12/08-08:58:13.876216,4545380.100305442,76.00
2025/12/08-08:58:13.876354,4545380.100467331,53.00
2025/12/08-08:58:13.876539,4545380.100635325,69.00
2025/12/08-08:58:13.876675,4545380.100796688,44.00
2025/12/08-08:58:13.876872,4545380.100958081,80.00
2025/12/08-08:58:13.876996,4545380.101119750,42.00
2025/12/08-08:58:13.877184,4545380.101281735,68.00
2025/12/08-08:58:13.877378,4545380.101443557,100.00
2025/12/08-08:58:13.877444,4545380.101551859,58.00
2025/12/08-08:58:13.877591,4545380.101713638,43.00
2025/12/08-08:58:13.877785,4545380.101875465,75.00
2025/12/08-08:58:13.877890,4545380.102013540,42.00
2025/12/08-08:58:13.878081,4545380.102175368,71.00
2025/12/08-08:58:13.878274,4545380.102337385,102.00
2025/12/08-08:58:13.878339,4545380.102448524,56.00
2025/12/08-08:58:13.878491,4545380.102610363,46.00
2025/12/08-08:58:13.878681,4545380.102772286,74.00
2025/12/08-08:58:13.878809,4545380.102934042,41.00
2025/12/08-08:58:13.879004,4545380.103096311,73.00
2025/12/08-08:58:13.879137,4545380.103258420,45.00
2025/12/08-08:58:13.879335,4545380.103419736,81.00
2025/12/08-08:58:13.879459,4545380.103581629,43.00
2025/12/08-08:58:13.879648,4545380.103743561,71.00
2025/12/08-08:58:13.879843,4545380.103905008,104.00
2025/12/08-08:58:13.879915,4545380.104016567,64.00
2025/12/08-08:58:13.880060,4545380.104177706,48.00
2025/12/08-08:58:13.880248,4545380.104339213,74.00
2025/12/08-08:58:13.880379,4545380.104501350,43.00
2025/12/08-08:58:13.880579,4545380.104662856,82.00
2025/12/08-08:58:13.880703,4545380.104824700,43.00
2025/12/08-08:58:13.880890,4545380.104986914,69.00
2025/12/08-08:58:13.881079,4545380.105149125,95.00
2025/12/08-08:58:13.881191,4545380.105310939,46.00
2025/12/08-08:58:13.881347,4545380.105472230,40.00
2025/12/08-08:58:13.881542,4545380.105634493,73.00
2025/12/08-08:58:13.881679,4545380.105796993,48.00
2025/12/08-08:58:13.881870,4545380.105958291,77.00
2025/12/08-08:58:13.881999,4545380.106119810,45.00
2025/12/08-08:58:13.882204,4545380.106281743,88.00
2025/12/08-08:58:13.882318,4545380.106443141,41.00
2025/12/08-08:58:13.882510,4545380.106604205,71.00
2025/12/08-08:58:13.882698,4545380.106766161,97.00
2025/12/08-08:58:13.882803,4545380.106928016,40.00
2025/12/08-08:58:13.882965,4545380.107090536,40.00
2025/12/08-08:58:13.883161,4545380.107252577,75.00
2025/12/08-08:58:13.883291,4545380.107413533,43.00
2025/12/08-08:58:13.883485,4545380.107574778,76.00
2025/12/08-08:58:13.883614,4545380.107735671,44.00
2025/12/08-08:58:13.883819,4545380.107897345,87.00
2025/12/08-08:58:13.883936,4545380.108059813,42.00
2025/12/08-08:58:13.884131,4545380.108221965,74.00
2025/12/08-08:58:13.884316,4545380.108384144,97.00
2025/12/08-08:58:13.884425,4545380.108545950,45.00
2025/12/08-08:58:13.884585,4545380.108707040,44.00
2025/12/08-08:58:13.884776,4545380.108868760,73.00
2025/12/08-08:58:13.884886,4545380.109011307,40.00
2025/12/08-08:58:13.885079,4545380.109172668,72.00
2025/12/08-08:58:13.885268,4545380.109333766,100.00
2025/12/08-08:58:13.885334,4545380.109442613,57.00
2025/12/08-08:58:13.885481,4545380.109604751,42.00
2025/12/08-08:58:13.885672,4545380.109766337,71.00
2025/12/08-08:58:13.885803,4545380.109928092,41.00
2025/12/08-08:58:13.886000,4545380.110090362,75.00
2025/12/08-08:58:13.886136,4545380.110252259,49.00
2025/12/08-08:58:13.886333,4545380.110413993,85.00
2025/12/08-08:58:13.886454,4545380.110575507,44.00
2025/12/08-08:58:13.886644,4545380.110737198,72.00
2025/12/08-08:58:13.886847,4545380.110899220,113.00
2025/12/08-08:58:13.886908,4545380.111020601,53.00
2025/12/08-08:58:13.887058,4545380.111181274,43.00
2025/12/08-08:58:13.887255,4545380.111342999,78.00
2025/12/08-08:58:13.887384,4545380.111504382,45.00
2025/12/08-08:58:13.887584,4545380.111666350,83.00
2025/12/08-08:58:13.887704,4545380.111828385,41.00
2025/12/08-08:58:13.887897,4545380.111990314,72.00
2025/12/08-08:58:13.888090,4545380.112152071,104.00
2025/12/08-08:58:13.888155,4545380.112264321,56.00
2025/12/08-08:58:13.888302,4545380.112425774,41.00
2025/12/08-08:58:13.888499,4545380.112588153,76.00
2025/12/08-08:58:13.888629,4545380.112750277,44.00
2025/12/08-08:58:13.888822,4545380.112911783,76.00
2025/12/08-08:58:13.888953,4545380.113073580,45.00
2025/12/08-08:58:13.889157,4545380.113235985,86.00
2025/12/08-08:58:13.889277,4545380.113397972,44.00
2025/12/08-08:58:13.889466,4545380.113559706,72.00
2025/12/08-08:58:13.889656,4545380.113720863,101.00
2025/12/08-08:58:13.889722,4545380.113830004,58.00
2025/12/08-08:58:13.889869,4545380.113991268,44.00
2025/12/08-08:58:13.890059,4545380.114152738,72.00
2025/12/08-08:58:13.890193,4545380.114314582,44.00
2025/12/08-08:58:13.890388,4545380.114475960,78.00
2025/12/08-08:58:13.890515,4545380.114637739,43.00
2025/12/08-08:58:13.890713,4545380.114799399,79.00
2025/12/08-08:58:13.890844,4545380.114960950,49.00
2025/12/08-08:58:13.891027,4545380.115122380,70.00
2025/12/08-08:58:13.891218,4545380.115284524,99.00
2025/12/08-08:58:13.891322,4545380.115445860,42.00
2025/12/08-08:58:13.891484,4545380.115607736,42.00
2025/12/08-08:58:13.891677,4545380.115769055,74.00
2025/12/08-08:58:13.891807,4545380.115930388,42.00
2025/12/08-08:58:13.892003,4545380.116092691,75.00
2025/12/08-08:58:13.892131,4545380.116254843,41.00
2025/12/08-08:58:13.892330,4545380.116417072,79.00
2025/12/08-08:58:13.892462,4545380.116584710,43.00
2025/12/08-08:58:13.892660,4545380.116746125,79.00
2025/12/08-08:58:13.892787,4545380.116908030,44.00
2025/12/08-08:58:13.892972,4545380.117070729,67.00
2025/12/08-08:58:13.893167,4545380.117232057,100.00
2025/12/08-08:58:13.893229,4545380.117340603,54.00
2025/12/08-08:58:13.893379,4545380.117502357,43.00
2025/12/08-08:58:13.893571,4545380.117663757,72.00
2025/12/08-08:58:13.893712,4545380.117825978,51.00
2025/12/08-08:58:13.893906,4545380.117988079,84.00
2025/12/08-08:58:13.894027,4545380.118149283,43.00
2025/12/08-08:58:13.894219,4545380.118311185,73.00
2025/12/08-08:58:13.894409,4545380.118472937,102.00
2025/12/08-08:58:13.894480,4545380.118583210,62.00
2025/12/08-08:58:13.894620,4545380.118744917,40.00
2025/12/08-08:58:13.894814,4545380.118907060,72.00
2025/12/08-08:58:13.894947,4545380.119069499,43.00
2025/12/08-08:58:13.895142,4545380.119231157,76.00
2025/12/08-08:58:13.895273,4545380.119393097,45.00
2025/12/08-08:58:13.895469,4545380.119555558,79.00
2025/12/08-08:58:13.895593,4545380.119717578,41.00
2025/12/08-08:58:13.895784,4545380.119879964,70.00
2025/12/08-08:58:13.895887,4545380.120010057,43.00
2025/12/08-08:58:13.896048,4545380.120171823,41.00
2025/12/08-08:58:13.896240,4545380.120334126,72.00
2025/12/08-08:58:13.896378,4545380.120495734,47.00
2025/12/08-08:58:13.896568,4545380.120657916,76.00
2025/12/08-08:58:13.896696,4545380.120819705,42.00
2025/12/08-08:58:13.896895,4545380.120981751,79.00
2025/12/08-08:58:13.897020,4545380.121143467,42.00
2025/12/08-08:58:13.897181,4545380.121305305,41.00
2025/12/08-08:58:13.897377,4545380.121467230,76.00
2025/12/08-08:58:13.897504,4545380.121628161,42.00
2025/12/08-08:58:13.897701,4545380.121789134,78.00
2025/12/08-08:58:13.897829,4545380.121950353,44.00
2025/12/08-08:58:13.898027,4545380.122112338,80.00
2025/12/08-08:58:13.898154,4545380.122274261,45.00
2025/12/08-08:58:13.898353,4545380.122436198,82.00
2025/12/08-08:58:13.898533,4545380.122598302,100.00
2025/12/08-08:58:13.898597,4545380.122706702,56.00
2025/12/08-08:58:13.898749,4545380.122868191,46.00
2025/12/08-08:58:13.898936,4545380.123010286,91.00
2025/12/08-08:58:13.899047,4545380.123171878,41.00
2025/12/08-08:58:13.899243,4545380.123333631,75.00
2025/12/08-08:58:13.899436,4545380.123495180,106.00
2025/12/08-08:58:13.899499,4545380.123609818,55.00
2025/12/08-08:58:13.899648,4545380.123771424,42.00
2025/12/08-08:58:13.899843,4545380.123933078,76.00
2025/12/08-08:58:13.899971,4545380.124094547,42.00
2025/12/08-08:58:13.900168,4545380.124255759,78.00
2025/12/08-08:58:13.900297,4545380.124417558,45.00
2025/12/08-08:58:13.900504,4545380.124579813,90.00
2025/12/08-08:58:13.900621,4545380.124741098,46.00
2025/12/08-08:58:13.900808,4545380.124902575,71.00
2025/12/08-08:58:13.901000,4545380.125064490,101.00
2025/12/08-08:58:13.901065,4545380.125173896,57.00
2025/12/08-08:58:13.901217,4545380.125335131,47.00
2025/12/08-08:58:13.901413,4545380.125497149,82.00
2025/12/08-08:58:13.901535,4545380.125658919,42.00
2025/12/08-08:58:13.901729,4545380.125820684,74.00
2025/12/08-08:58:13.901865,4545380.125982114,48.00
2025/12/08-08:58:13.902059,4545380.126149361,75.00
2025/12/08-08:58:13.902188,4545380.126311081,43.00
2025/12/08-08:58:13.902387,4545380.126472570,80.00
2025/12/08-08:58:13.902514,4545380.126633980,45.00
2025/12/08-08:58:13.902700,4545380.126796288,69.00
2025/12/08-08:58:13.902891,4545380.126958119,99.00
2025/12/08-08:58:13.902995,4545380.127119985,41.00
2025/12/08-08:58:13.903159,4545380.127281718,43.00
2025/12/08-08:58:13.903352,4545380.127443575,74.00
2025/12/08-08:58:13.903482,4545380.127605007,43.00
2025/12/08-08:58:13.903677,4545380.127766582,76.00
2025/12/08-08:58:13.903807,4545380.127928611,44.00
2025/12/08-08:58:13.904004,4545380.128090707,79.00
2025/12/08-08:58:13.904128,4545380.128252245,42.00
2025/12/08-08:58:13.904321,4545380.128413496,73.00
2025/12/08-08:58:13.904517,4545380.128575063,107.00
2025/12/08-08:58:13.904580,4545380.128690491,55.00
2025/12/08-08:58:13.904729,4545380.128852290,42.00
2025/12/08-08:58:13.904922,4545380.129009668,78.00
2025/12/08-08:58:13.905051,4545380.129171781,45.00
2025/12/08-08:58:13.905243,4545380.129333624,75.00
2025/12/08-08:58:13.905436,4545380.129495118,107.00
2025/12/08-08:58:13.905502,4545380.129610510,58.00
2025/12/08-08:58:13.905653,4545380.129776985,42.00
2025/12/08-08:58:13.905849,4545380.129939118,76.00
2025/12/08-08:58:13.905981,4545380.130100313,47.00
2025/12/08-08:58:13.906171,4545380.130261683,75.00
2025/12/08-08:58:13.906304,4545380.130423674,46.00
2025/12/08-08:58:13.906504,4545380.130585318,84.00
2025/12/08-08:58:13.906626,4545380.130747383,44.00
2025/12/08-08:58:13.906817,4545380.130909938,72.00
2025/12/08-08:58:13.907004,4545380.131072489,98.00
2025/12/08-08:58:13.907111,4545380.131233755,43.00
2025/12/08-08:58:13.907271,4545380.131394851,42.00
2025/12/08-08:58:13.907465,4545380.131556406,75.00
2025/12/08-08:58:13.907596,4545380.131717876,44.00
2025/12/08-08:58:13.907791,4545380.131879217,78.00
2025/12/08-08:58:13.907888,4545380.132009719,44.00
2025/12/08-08:58:13.908080,4545380.132171338,74.00
2025/12/08-08:58:13.908266,4545380.132333131,99.00
2025/12/08-08:58:13.908376,4545380.132494835,47.00
2025/12/08-08:58:13.908531,4545380.132656561,40.00
2025/12/08-08:58:13.908737,4545380.132817970,85.00
2025/12/08-08:58:13.908859,4545380.132979611,45.00
2025/12/08-08:58:13.909051,4545380.133141294,76.00
2025/12/08-08:58:13.909179,4545380.133302520,43.00
2025/12/08-08:58:13.909382,4545380.133463947,84.00
2025/12/08-08:58:13.909504,4545380.133625129,45.00
2025/12/08-08:58:13.909693,4545380.133786139,73.00
2025/12/08-08:58:13.909882,4545380.133947550,100.00
2025/12/08-08:58:13.909949,4545380.134055839,58.00
2025/12/08-08:58:13.910092,4545380.134217787,40.00
2025/12/08-08:58:13.910285,4545380.134379732,71.00
2025/12/08-08:58:13.910420,4545380.134541389,44.00
2025/12/08-08:58:13.910615,4545380.134703140,77.00
2025/12/08-08:58:13.910743,4545380.134864759,43.00
2025/12/08-08:58:13.910941,4545380.135009532,97.00
2025/12/08-08:58:13.911052,4545380.135171820,46.00
2025/12/08-08:58:13.911239,4545380.135333103,72.00
2025/12/08-08:58:13.911432,4545380.135494318,104.00
2025/12/08-08:58:13.911501,4545380.135605933,61.00
2025/12/08-08:58:13.911655,4545380.135767536,53.00
2025/12/08-08:58:13.911839,4545380.135928964,75.00
2025/12/08-08:58:13.911968,4545380.136090966,43.00
2025/12/08-08:58:13.912162,4545380.136253239,75.00
2025/12/08-08:58:13.912299,4545380.136414657,50.00
2025/12/08-08:58:13.912495,4545380.136575949,84.00
2025/12/08-08:58:13.912617,4545380.136738211,44.00
2025/12/08-08:58:13.912805,4545380.136900434,71.00
2025/12/08-08:58:13.912996,4545380.137062097,100.00
2025/12/08-08:58:13.913059,4545380.137170006,55.00
2025/12/08-08:58:13.913208,4545380.137331976,41.00
2025/12/08-08:58:13.913402,4545380.137494135,73.00
2025/12/08-08:58:13.913533,4545380.137655955,43.00
2025/12/08-08:58:13.913729,4545380.137817144,77.00
2025/12/08-08:58:13.913859,4545380.137979287,46.00
2025/12/08-08:58:13.914058,4545380.138140860,83.00
2025/12/08-08:58:13.914179,4545380.138302348,42.00
2025/12/08-08:58:13.914367,4545380.138464721,68.00
2025/12/08-08:58:13.914562,4545380.138626167,102.00
2025/12/08-08:58:13.914627,4545380.138735903,57.00
2025/12/08-08:58:13.914776,4545380.138896955,44.00
2025/12/08-08:58:13.914967,4545380.139059719,73.00
2025/12/08-08:58:13.915099,4545380.139221353,43.00
2025/12/08-08:58:13.915292,4545380.139383791,73.00
2025/12/08-08:58:13.915420,4545380.139545473,40.00
2025/12/08-08:58:13.915617,4545380.139707316,75.00
2025/12/08-08:58:13.915752,4545380.139868883,49.00
2025/12/08-08:58:13.915947,4545380.140009636,103.00
2025/12/08-08:58:13.916020,4545380.140121020,64.00
2025/12/08-08:58:13.916214,4545380.140283330,96.00
2025/12/08-08:58:13.916325,4545380.140445116,46.00
2025/12/08-08:58:13.916485,4545380.140606595,44.00
2025/12/08-08:58:13.916676,4545380.140768503,74.00
2025/12/08-08:58:13.916806,4545380.140929801,42.00
2025/12/08-08:58:13.916999,4545380.141092222,73.00
2025/12/08-08:58:13.917136,4545380.141253426,48.00
2025/12/08-08:58:13.917336,4545380.141415130,86.00
2025/12/08-08:58:13.917458,4545380.141577323,46.00
2025/12/08-08:58:13.917644,4545380.141744192,65.00
2025/12/08-08:58:13.917833,4545380.141906235,92.00
2025/12/08-08:58:13.917947,4545380.142071610,41.00
2025/12/08-08:58:13.918109,4545380.142233372,41.00
2025/12/08-08:58:13.918303,4545380.142394843,73.00
2025/12/08-08:58:13.918435,4545380.142556885,44.00
2025/12/08-08:58:13.918631,4545380.142718214,78.00
2025/12/08-08:58:13.918758,4545380.142880431,43.00
2025/12/08-08:58:13.918945,4545380.143010030,101.00
2025/12/08-08:58:13.919012,4545380.143119737,58.00
2025/12/08-08:58:13.919158,4545380.143281255,43.00
2025/12/08-08:58:13.919349,4545380.143442880,72.00
2025/12/08-08:58:13.919490,4545380.143604636,51.00
2025/12/08-08:58:13.919682,4545380.143766868,81.00
2025/12/08-08:58:13.919804,4545380.143928170,41.00
2025/12/08-08:58:13.920002,4545380.144091002,76.00
2025/12/08-08:58:13.920188,4545380.144253127,101.00
2025/12/08-08:58:13.920253,4545380.144362097,57.00
2025/12/08-08:58:13.920404,4545380.144523465,47.00
2025/12/08-08:58:13.920591,4545380.144685430,71.00
2025/12/08-08:58:13.920723,4545380.144847005,42.00
2025/12/08-08:58:13.920926,4545380.145009351,83.00
2025/12/08-08:58:13.921055,4545380.145170443,50.00
2025/12/08-08:58:13.921257,4545380.145331924,90.00
2025/12/08-08:58:13.921370,4545380.145493890,41.00
2025/12/08-08:58:13.921563,4545380.145656277,72.00
2025/12/08-08:58:13.921756,4545380.145817985,104.00
2025/12/08-08:58:13.921820,4545380.145929660,56.00
2025/12/08-08:58:13.921968,4545380.146091124,43.00
2025/12/08-08:58:13.922165,4545380.146252111,78.00
2025/12/08-08:58:13.922293,4545380.146414050,44.00
2025/12/08-08:58:13.922487,4545380.146576393,76.00
2025/12/08-08:58:13.922627,4545380.146738414,54.00
2025/12/08-08:58:13.922821,4545380.146899689,87.00
2025/12/08-08:58:13.922938,4545380.147061812,42.00
2025/12/08-08:58:13.923127,4545380.147223795,68.00
2025/12/08-08:58:13.923321,4545380.147385983,101.00
